feature,pcc,abs_pcc,rank,selected,scenario,case,source_battery,target_battery
time_to_3p6v_s,0.9984171476789754,0.9984171476789754,1,True,A_random_B0005_60_20_20,A,B0005,B0005
time_to_3p5v_s,0.9981657522920703,0.9981657522920703,2,True,A_random_B0005_60_20_20,A,B0005,B0005
time_to_3p7v_s,0.9969959682537289,0.9969959682537289,3,True,A_random_B0005_60_20_20,A,B0005,B0005
early_voltage_slope,0.9952375773498918,0.9952375773498918,4,True,A_random_B0005_60_20_20,A,B0005,B0005
global_cycle_index,-0.9878003661640276,0.9878003661640276,5,True,A_random_B0005_60_20_20,A,B0005,B0005
cycle_index,-0.9859968383665598,0.9859968383665598,6,True,A_random_B0005_60_20_20,A,B0005,B0005
time_to_3p8v_s,0.9829991792120393,0.9829991792120393,7,True,A_random_B0005_60_20_20,A,B0005,B0005
voltage_mean,0.9794692508713823,0.9794692508713823,8,True,A_random_B0005_60_20_20,A,B0005,B0005
voltage_at_50pct_time,0.9791098362349602,0.9791098362349602,9,False,A_random_B0005_60_20_20,A,B0005,B0005
voltage_at_25pct_time,0.9772185962305323,0.9772185962305323,10,False,A_random_B0005_60_20_20,A,B0005,B0005
duration_s,0.9741464708151675,0.9741464708151675,11,False,A_random_B0005_60_20_20,A,B0005,B0005
temp_range,-0.9739507764441456,0.9739507764441456,12,False,A_random_B0005_60_20_20,A,B0005,B0005
time_to_3p9v_s,0.9728150715287555,0.9728150715287555,13,False,A_random_B0005_60_20_20,A,B0005,B0005
early_voltage_mean,0.9680268539481642,0.9680268539481642,14,False,A_random_B0005_60_20_20,A,B0005,B0005
voltage_at_75pct_time,0.9642167550421403,0.9642167550421403,15,False,A_random_B0005_60_20_20,A,B0005,B0005
voltage_end,-0.962306986585166,0.962306986585166,16,False,A_random_B0005_60_20_20,A,B0005,B0005
avg_power_w,0.9455121877198229,0.9455121877198229,17,False,A_random_B0005_60_20_20,A,B0005,B0005
current_abs_mean,0.930793883517762,0.930793883517762,18,False,A_random_B0005_60_20_20,A,B0005,B0005
current_mean,-0.9307762128769319,0.9307762128769319,19,False,A_random_B0005_60_20_20,A,B0005,B0005
temp_at_75pct_time,-0.9301684764407256,0.9301684764407256,20,False,A_random_B0005_60_20_20,A,B0005,B0005
temp_max,-0.916858145427393,0.916858145427393,21,False,A_random_B0005_60_20_20,A,B0005,B0005
current_std,-0.9130110536397812,0.9130110536397812,22,False,A_random_B0005_60_20_20,A,B0005,B0005
voltage_slope,-0.9096564533680174,0.9096564533680174,23,False,A_random_B0005_60_20_20,A,B0005,B0005
time_to_4p0v_s,0.8305453140957327,0.8305453140957327,24,False,A_random_B0005_60_20_20,A,B0005,B0005
temp_at_50pct_time,-0.7941565346542808,0.7941565346542808,25,False,A_random_B0005_60_20_20,A,B0005,B0005
temp_mean,-0.7627100145487208,0.7627100145487208,26,False,A_random_B0005_60_20_20,A,B0005,B0005
time_to_4p1v_s,0.6549700355691656,0.6549700355691656,27,False,A_random_B0005_60_20_20,A,B0005,B0005
temp_end,0.587349836693794,0.587349836693794,28,False,A_random_B0005_60_20_20,A,B0005,B0005
temp_rise,0.5723633569692969,0.5723633569692969,29,False,A_random_B0005_60_20_20,A,B0005,B0005
voltage_min,-0.47890657065512543,0.47890657065512543,30,False,A_random_B0005_60_20_20,A,B0005,B0005
voltage_std,-0.34774750279328964,0.34774750279328964,31,False,A_random_B0005_60_20_20,A,B0005,B0005
temp_at_25pct_time,-0.17845703026472012,0.17845703026472012,32,False,A_random_B0005_60_20_20,A,B0005,B0005
voltage_max,-0.1454691145334096,0.1454691145334096,33,False,A_random_B0005_60_20_20,A,B0005,B0005
voltage_start,-0.1454691145334096,0.1454691145334096,34,False,A_random_B0005_60_20_20,A,B0005,B0005
temp_min,0.08633489892445659,0.08633489892445659,35,False,A_random_B0005_60_20_20,A,B0005,B0005
temp_start,0.08565479132261752,0.08565479132261752,36,False,A_random_B0005_60_20_20,A,B0005,B0005
early_temp_mean,-0.05767779168595584,0.05767779168595584,37,False,A_random_B0005_60_20_20,A,B0005,B0005
ambient_temperature,0.0,0.0,38,False,A_random_B0005_60_20_20,A,B0005,B0005
time_to_3p6v_s,0.9947126590587981,0.9947126590587981,1,True,A_random_B0006_60_20_20,A,B0006,B0006
time_to_3p7v_s,0.9944276857890259,0.9944276857890259,2,True,A_random_B0006_60_20_20,A,B0006,B0006
duration_s,0.992935634458129,0.992935634458129,3,True,A_random_B0006_60_20_20,A,B0006,B0006
time_to_3p5v_s,0.9927889508712485,0.9927889508712485,4,True,A_random_B0006_60_20_20,A,B0006,B0006
avg_power_w,0.9911760668793849,0.9911760668793849,5,True,A_random_B0006_60_20_20,A,B0006,B0006
voltage_at_50pct_time,0.9885564377582192,0.9885564377582192,6,True,A_random_B0006_60_20_20,A,B0006,B0006
current_mean,-0.9877383735344528,0.9877383735344528,7,True,A_random_B0006_60_20_20,A,B0006,B0006
current_abs_mean,0.9877362742348015,0.9877362742348015,8,True,A_random_B0006_60_20_20,A,B0006,B0006
early_voltage_slope,0.9876959821060334,0.9876959821060334,9,False,A_random_B0006_60_20_20,A,B0006,B0006
voltage_at_25pct_time,0.9852023632123476,0.9852023632123476,10,False,A_random_B0006_60_20_20,A,B0006,B0006
early_voltage_mean,0.9829445076926112,0.9829445076926112,11,False,A_random_B0006_60_20_20,A,B0006,B0006
current_std,-0.9828953951195258,0.9828953951195258,12,False,A_random_B0006_60_20_20,A,B0006,B0006
cycle_index,-0.9809113297624507,0.9809113297624507,13,False,A_random_B0006_60_20_20,A,B0006,B0006
global_cycle_index,-0.9786695344966507,0.9786695344966507,14,False,A_random_B0006_60_20_20,A,B0006,B0006
time_to_3p8v_s,0.9775009820991217,0.9775009820991217,15,False,A_random_B0006_60_20_20,A,B0006,B0006
temp_rise,0.9661899707451881,0.9661899707451881,16,False,A_random_B0006_60_20_20,A,B0006,B0006
time_to_3p9v_s,0.9648223753357126,0.9648223753357126,17,False,A_random_B0006_60_20_20,A,B0006,B0006
voltage_mean,0.961080383125221,0.961080383125221,18,False,A_random_B0006_60_20_20,A,B0006,B0006
temp_at_75pct_time,-0.9416918972100053,0.9416918972100053,19,False,A_random_B0006_60_20_20,A,B0006,B0006
temp_end,0.929033633364572,0.929033633364572,20,False,A_random_B0006_60_20_20,A,B0006,B0006
voltage_at_75pct_time,0.9261550161557539,0.9261550161557539,21,False,A_random_B0006_60_20_20,A,B0006,B0006
temp_range,-0.9149630883448608,0.9149630883448608,22,False,A_random_B0006_60_20_20,A,B0006,B0006
voltage_end,-0.91175410314095,0.91175410314095,23,False,A_random_B0006_60_20_20,A,B0006,B0006
voltage_slope,-0.9031787399835418,0.9031787399835418,24,False,A_random_B0006_60_20_20,A,B0006,B0006
temp_at_50pct_time,-0.8680175274482792,0.8680175274482792,25,False,A_random_B0006_60_20_20,A,B0006,B0006
temp_max,-0.8468592813306794,0.8468592813306794,26,False,A_random_B0006_60_20_20,A,B0006,B0006
temp_mean,-0.8036358506002752,0.8036358506002752,27,False,A_random_B0006_60_20_20,A,B0006,B0006
time_to_4p0v_s,0.7946288809882872,0.7946288809882872,28,False,A_random_B0006_60_20_20,A,B0006,B0006
time_to_4p1v_s,0.7741926756112465,0.7741926756112465,29,False,A_random_B0006_60_20_20,A,B0006,B0006
voltage_std,-0.7164181613240603,0.7164181613240603,30,False,A_random_B0006_60_20_20,A,B0006,B0006
temp_at_25pct_time,-0.4928059175330589,0.4928059175330589,31,False,A_random_B0006_60_20_20,A,B0006,B0006
voltage_min,-0.43787905468731364,0.43787905468731364,32,False,A_random_B0006_60_20_20,A,B0006,B0006
early_temp_mean,-0.21310719181405144,0.21310719181405144,33,False,A_random_B0006_60_20_20,A,B0006,B0006
temp_start,0.15870288742938138,0.15870288742938138,34,False,A_random_B0006_60_20_20,A,B0006,B0006
temp_min,0.1580310197372259,0.1580310197372259,35,False,A_random_B0006_60_20_20,A,B0006,B0006
voltage_max,0.0888249116424709,0.0888249116424709,36,False,A_random_B0006_60_20_20,A,B0006,B0006
voltage_start,0.08827795491448207,0.08827795491448207,37,False,A_random_B0006_60_20_20,A,B0006,B0006
ambient_temperature,0.0,0.0,38,False,A_random_B0006_60_20_20,A,B0006,B0006
time_to_3p6v_s,0.998711963448456,0.998711963448456,1,True,A_random_B0007_60_20_20,A,B0007,B0007
time_to_3p5v_s,0.9973658238570446,0.9973658238570446,2,True,A_random_B0007_60_20_20,A,B0007,B0007
time_to_3p7v_s,0.9973534299467868,0.9973534299467868,3,True,A_random_B0007_60_20_20,A,B0007,B0007
early_voltage_slope,0.9950522789663754,0.9950522789663754,4,True,A_random_B0007_60_20_20,A,B0007,B0007
global_cycle_index,-0.9877040959603085,0.9877040959603085,5,True,A_random_B0007_60_20_20,A,B0007,B0007
cycle_index,-0.9867464570420293,0.9867464570420293,6,True,A_random_B0007_60_20_20,A,B0007,B0007
duration_s,0.9812848321859629,0.9812848321859629,7,True,A_random_B0007_60_20_20,A,B0007,B0007
time_to_3p8v_s,0.9769036268846751,0.9769036268846751,8,True,A_random_B0007_60_20_20,A,B0007,B0007
voltage_at_50pct_time,0.9695810656466106,0.9695810656466106,9,False,A_random_B0007_60_20_20,A,B0007,B0007
voltage_at_25pct_time,0.9694275615328612,0.9694275615328612,10,False,A_random_B0007_60_20_20,A,B0007,B0007
time_to_3p9v_s,0.9661529301494399,0.9661529301494399,11,False,A_random_B0007_60_20_20,A,B0007,B0007
voltage_at_75pct_time,0.9612188981761801,0.9612188981761801,12,False,A_random_B0007_60_20_20,A,B0007,B0007
voltage_mean,0.9568498653262796,0.9568498653262796,13,False,A_random_B0007_60_20_20,A,B0007,B0007
early_voltage_mean,0.9515535746118502,0.9515535746118502,14,False,A_random_B0007_60_20_20,A,B0007,B0007
time_to_4p0v_s,0.9273755371182709,0.9273755371182709,15,False,A_random_B0007_60_20_20,A,B0007,B0007
avg_power_w,0.869656776002795,0.869656776002795,16,False,A_random_B0007_60_20_20,A,B0007,B0007
temp_range,-0.834131024168538,0.834131024168538,17,False,A_random_B0007_60_20_20,A,B0007,B0007
current_mean,-0.7976080482567345,0.7976080482567345,18,False,A_random_B0007_60_20_20,A,B0007,B0007
current_abs_mean,0.7975976800243436,0.7975976800243436,19,False,A_random_B0007_60_20_20,A,B0007,B0007
current_std,-0.7671469270002153,0.7671469270002153,20,False,A_random_B0007_60_20_20,A,B0007,B0007
temp_at_75pct_time,-0.7436527062232672,0.7436527062232672,21,False,A_random_B0007_60_20_20,A,B0007,B0007
voltage_end,-0.7325452422847076,0.7325452422847076,22,False,A_random_B0007_60_20_20,A,B0007,B0007
temp_max,-0.7111755755008905,0.7111755755008905,23,False,A_random_B0007_60_20_20,A,B0007,B0007
time_to_4p1v_s,0.6761015388074078,0.6761015388074078,24,False,A_random_B0007_60_20_20,A,B0007,B0007
voltage_slope,-0.6359067078896318,0.6359067078896318,25,False,A_random_B0007_60_20_20,A,B0007,B0007
temp_mean,-0.5262173062594452,0.5262173062594452,26,False,A_random_B0007_60_20_20,A,B0007,B0007
voltage_std,-0.47893257048411064,0.47893257048411064,27,False,A_random_B0007_60_20_20,A,B0007,B0007
temp_at_50pct_time,-0.39773180750791326,0.39773180750791326,28,False,A_random_B0007_60_20_20,A,B0007,B0007
voltage_min,-0.2684290306637992,0.2684290306637992,29,False,A_random_B0007_60_20_20,A,B0007,B0007
temp_at_25pct_time,0.12371242088583995,0.12371242088583995,30,False,A_random_B0007_60_20_20,A,B0007,B0007
early_temp_mean,0.08587852894624241,0.08587852894624241,31,False,A_random_B0007_60_20_20,A,B0007,B0007
voltage_max,0.07296758276903263,0.07296758276903263,32,False,A_random_B0007_60_20_20,A,B0007,B0007
voltage_start,0.06803427978547302,0.06803427978547302,33,False,A_random_B0007_60_20_20,A,B0007,B0007
temp_start,0.05669439534060551,0.05669439534060551,34,False,A_random_B0007_60_20_20,A,B0007,B0007
temp_min,0.054368427375253485,0.054368427375253485,35,False,A_random_B0007_60_20_20,A,B0007,B0007
temp_rise,-0.03246706968188897,0.03246706968188897,36,False,A_random_B0007_60_20_20,A,B0007,B0007
temp_end,0.006567675031692376,0.006567675031692376,37,False,A_random_B0007_60_20_20,A,B0007,B0007
ambient_temperature,0.0,0.0,38,False,A_random_B0007_60_20_20,A,B0007,B0007
time_to_3p5v_s,0.9976870460279088,0.9976870460279088,1,True,A_random_B0018_60_20_20,A,B0018,B0018
time_to_3p6v_s,0.9971714240769232,0.9971714240769232,2,True,A_random_B0018_60_20_20,A,B0018,B0018
time_to_3p7v_s,0.993942409361666,0.993942409361666,3,True,A_random_B0018_60_20_20,A,B0018,B0018
duration_s,0.9922016971265998,0.9922016971265998,4,True,A_random_B0018_60_20_20,A,B0018,B0018
voltage_at_50pct_time,0.9897546194355101,0.9897546194355101,5,True,A_random_B0018_60_20_20,A,B0018,B0018
voltage_mean,0.9876154547996363,0.9876154547996363,6,True,A_random_B0018_60_20_20,A,B0018,B0018
voltage_at_25pct_time,0.9862646768912992,0.9862646768912992,7,True,A_random_B0018_60_20_20,A,B0018,B0018
voltage_at_75pct_time,0.9853545904271053,0.9853545904271053,8,True,A_random_B0018_60_20_20,A,B0018,B0018
early_voltage_slope,0.9849554290967085,0.9849554290967085,9,False,A_random_B0018_60_20_20,A,B0018,B0018
avg_power_w,0.9846443664505677,0.9846443664505677,10,False,A_random_B0018_60_20_20,A,B0018,B0018
global_cycle_index,-0.9712894896210572,0.9712894896210572,11,False,A_random_B0018_60_20_20,A,B0018,B0018
time_to_3p8v_s,0.9709114239616168,0.9709114239616168,12,False,A_random_B0018_60_20_20,A,B0018,B0018
cycle_index,-0.9705648926223758,0.9705648926223758,13,False,A_random_B0018_60_20_20,A,B0018,B0018
current_abs_mean,0.9655887006046896,0.9655887006046896,14,False,A_random_B0018_60_20_20,A,B0018,B0018
current_mean,-0.9655483932104629,0.9655483932104629,15,False,A_random_B0018_60_20_20,A,B0018,B0018
early_voltage_mean,0.9573551854227011,0.9573551854227011,16,False,A_random_B0018_60_20_20,A,B0018,B0018
time_to_3p9v_s,0.9562302126121837,0.9562302126121837,17,False,A_random_B0018_60_20_20,A,B0018,B0018
current_std,-0.9407781532213855,0.9407781532213855,18,False,A_random_B0018_60_20_20,A,B0018,B0018
temp_range,-0.9383902604340619,0.9383902604340619,19,False,A_random_B0018_60_20_20,A,B0018,B0018
voltage_std,-0.9060594269736603,0.9060594269736603,20,False,A_random_B0018_60_20_20,A,B0018,B0018
voltage_end,-0.8906443598545137,0.8906443598545137,21,False,A_random_B0018_60_20_20,A,B0018,B0018
time_to_4p0v_s,-0.8469616710266883,0.8469616710266883,22,False,A_random_B0018_60_20_20,A,B0018,B0018
temp_at_75pct_time,-0.7596104703666291,0.7596104703666291,23,False,A_random_B0018_60_20_20,A,B0018,B0018
time_to_4p1v_s,-0.7401456957660929,0.7401456957660929,24,False,A_random_B0018_60_20_20,A,B0018,B0018
temp_max,-0.7023128857474352,0.7023128857474352,25,False,A_random_B0018_60_20_20,A,B0018,B0018
voltage_slope,-0.5910157719857182,0.5910157719857182,26,False,A_random_B0018_60_20_20,A,B0018,B0018
voltage_start,0.574795839263872,0.574795839263872,27,False,A_random_B0018_60_20_20,A,B0018,B0018
voltage_max,0.5679164970274961,0.5679164970274961,28,False,A_random_B0018_60_20_20,A,B0018,B0018
temp_at_25pct_time,0.5265880634213761,0.5265880634213761,29,False,A_random_B0018_60_20_20,A,B0018,B0018
early_temp_mean,0.51906768500958,0.51906768500958,30,False,A_random_B0018_60_20_20,A,B0018,B0018
temp_end,0.48736199685988363,0.48736199685988363,31,False,A_random_B0018_60_20_20,A,B0018,B0018
temp_min,0.45185832813733445,0.45185832813733445,32,False,A_random_B0018_60_20_20,A,B0018,B0018
temp_start,0.4498534568302082,0.4498534568302082,33,False,A_random_B0018_60_20_20,A,B0018,B0018
temp_rise,0.2998646854920448,0.2998646854920448,34,False,A_random_B0018_60_20_20,A,B0018,B0018
temp_mean,-0.2007469875059426,0.2007469875059426,35,False,A_random_B0018_60_20_20,A,B0018,B0018
voltage_min,0.11014315731697737,0.11014315731697737,36,False,A_random_B0018_60_20_20,A,B0018,B0018
temp_at_50pct_time,-0.10954158644551366,0.10954158644551366,37,False,A_random_B0018_60_20_20,A,B0018,B0018
ambient_temperature,0.0,0.0,38,False,A_random_B0018_60_20_20,A,B0018,B0018
time_to_3p5v_s,0.9898755531605852,0.9898755531605852,1,True,B_chrono_B0005_first60_last40,B,B0005,B0005
time_to_3p6v_s,0.9898325950036757,0.9898325950036757,2,True,B_chrono_B0005_first60_last40,B,B0005,B0005
early_voltage_slope,0.9840300774440867,0.9840300774440867,3,True,B_chrono_B0005_first60_last40,B,B0005,B0005
time_to_3p7v_s,0.9798067275807557,0.9798067275807557,4,True,B_chrono_B0005_first60_last40,B,B0005,B0005
voltage_end,-0.9527598884889463,0.9527598884889463,5,True,B_chrono_B0005_first60_last40,B,B0005,B0005
global_cycle_index,-0.9443938158760234,0.9443938158760234,6,True,B_chrono_B0005_first60_last40,B,B0005,B0005
cycle_index,-0.9294622661453037,0.9294622661453037,7,True,B_chrono_B0005_first60_last40,B,B0005,B0005
temp_range,-0.924373120676717,0.924373120676717,8,True,B_chrono_B0005_first60_last40,B,B0005,B0005
duration_s,0.9089739802014951,0.9089739802014951,9,False,B_chrono_B0005_first60_last40,B,B0005,B0005
voltage_at_50pct_time,0.8927212922098426,0.8927212922098426,10,False,B_chrono_B0005_first60_last40,B,B0005,B0005
voltage_at_75pct_time,0.8660164961116633,0.8660164961116633,11,False,B_chrono_B0005_first60_last40,B,B0005,B0005
time_to_3p8v_s,0.8654660170702156,0.8654660170702156,12,False,B_chrono_B0005_first60_last40,B,B0005,B0005
voltage_at_25pct_time,0.8495662826636826,0.8495662826636826,13,False,B_chrono_B0005_first60_last40,B,B0005,B0005
time_to_4p0v_s,0.8361345045455477,0.8361345045455477,14,False,B_chrono_B0005_first60_last40,B,B0005,B0005
voltage_mean,0.8104095705753185,0.8104095705753185,15,False,B_chrono_B0005_first60_last40,B,B0005,B0005
voltage_slope,-0.8033977694440444,0.8033977694440444,16,False,B_chrono_B0005_first60_last40,B,B0005,B0005
time_to_3p9v_s,0.7986245061322458,0.7986245061322458,17,False,B_chrono_B0005_first60_last40,B,B0005,B0005
early_voltage_mean,0.7770756893008897,0.7770756893008897,18,False,B_chrono_B0005_first60_last40,B,B0005,B0005
time_to_4p1v_s,0.6791239982756374,0.6791239982756374,19,False,B_chrono_B0005_first60_last40,B,B0005,B0005
temp_max,-0.6662344027759834,0.6662344027759834,20,False,B_chrono_B0005_first60_last40,B,B0005,B0005
voltage_max,-0.6478059611433733,0.6478059611433733,21,False,B_chrono_B0005_first60_last40,B,B0005,B0005
voltage_start,-0.6478059611433733,0.6478059611433733,22,False,B_chrono_B0005_first60_last40,B,B0005,B0005
voltage_min,-0.4893742352146427,0.4893742352146427,23,False,B_chrono_B0005_first60_last40,B,B0005,B0005
avg_power_w,0.41806990770223645,0.41806990770223645,24,False,B_chrono_B0005_first60_last40,B,B0005,B0005
temp_at_75pct_time,-0.3902451835494757,0.3902451835494757,25,False,B_chrono_B0005_first60_last40,B,B0005,B0005
temp_rise,-0.38432818520269757,0.38432818520269757,26,False,B_chrono_B0005_first60_last40,B,B0005,B0005
current_std,-0.3004791078715683,0.3004791078715683,27,False,B_chrono_B0005_first60_last40,B,B0005,B0005
current_abs_mean,0.28815919191164213,0.28815919191164213,28,False,B_chrono_B0005_first60_last40,B,B0005,B0005
current_mean,-0.2880354964745364,0.2880354964745364,29,False,B_chrono_B0005_first60_last40,B,B0005,B0005
temp_start,0.28696587711878196,0.28696587711878196,30,False,B_chrono_B0005_first60_last40,B,B0005,B0005
temp_min,0.28647719878514455,0.28647719878514455,31,False,B_chrono_B0005_first60_last40,B,B0005,B0005
voltage_std,0.28091980789131016,0.28091980789131016,32,False,B_chrono_B0005_first60_last40,B,B0005,B0005
temp_end,-0.252926195709684,0.252926195709684,33,False,B_chrono_B0005_first60_last40,B,B0005,B0005
temp_at_25pct_time,0.22285065622682668,0.22285065622682668,34,False,B_chrono_B0005_first60_last40,B,B0005,B0005
temp_mean,-0.20367494689198345,0.20367494689198345,35,False,B_chrono_B0005_first60_last40,B,B0005,B0005
early_temp_mean,0.1695605111808347,0.1695605111808347,36,False,B_chrono_B0005_first60_last40,B,B0005,B0005
temp_at_50pct_time,-0.018036354896620997,0.018036354896620997,37,False,B_chrono_B0005_first60_last40,B,B0005,B0005
ambient_temperature,0.0,0.0,38,False,B_chrono_B0005_first60_last40,B,B0005,B0005
time_to_3p5v_s,0.9959123762780927,0.9959123762780927,1,True,B_chrono_B0006_first60_last40,B,B0006,B0006
time_to_3p6v_s,0.9955423475977913,0.9955423475977913,2,True,B_chrono_B0006_first60_last40,B,B0006,B0006
time_to_3p7v_s,0.9915551223857153,0.9915551223857153,3,True,B_chrono_B0006_first60_last40,B,B0006,B0006
early_voltage_slope,0.9888290540279308,0.9888290540279308,4,True,B_chrono_B0006_first60_last40,B,B0006,B0006
voltage_mean,0.9837618248834882,0.9837618248834882,5,True,B_chrono_B0006_first60_last40,B,B0006,B0006
global_cycle_index,-0.9806350519706437,0.9806350519706437,6,True,B_chrono_B0006_first60_last40,B,B0006,B0006
current_std,-0.9786781251597589,0.9786781251597589,7,True,B_chrono_B0006_first60_last40,B,B0006,B0006
cycle_index,-0.9778681798712672,0.9778681798712672,8,True,B_chrono_B0006_first60_last40,B,B0006,B0006
duration_s,0.9759382900820429,0.9759382900820429,9,False,B_chrono_B0006_first60_last40,B,B0006,B0006
time_to_3p8v_s,0.9724746603741886,0.9724746603741886,10,False,B_chrono_B0006_first60_last40,B,B0006,B0006
avg_power_w,0.969364863172785,0.969364863172785,11,False,B_chrono_B0006_first60_last40,B,B0006,B0006
voltage_at_50pct_time,0.9690352747824693,0.9690352747824693,12,False,B_chrono_B0006_first60_last40,B,B0006,B0006
time_to_3p9v_s,0.9688687667375218,0.9688687667375218,13,False,B_chrono_B0006_first60_last40,B,B0006,B0006
current_mean,-0.9675444500405402,0.9675444500405402,14,False,B_chrono_B0006_first60_last40,B,B0006,B0006
current_abs_mean,0.967542420204915,0.967542420204915,15,False,B_chrono_B0006_first60_last40,B,B0006,B0006
voltage_at_25pct_time,0.9616208873663878,0.9616208873663878,16,False,B_chrono_B0006_first60_last40,B,B0006,B0006
voltage_at_75pct_time,0.9550204514152318,0.9550204514152318,17,False,B_chrono_B0006_first60_last40,B,B0006,B0006
early_voltage_mean,0.9549862918745706,0.9549862918745706,18,False,B_chrono_B0006_first60_last40,B,B0006,B0006
temp_rise,0.9471707372079464,0.9471707372079464,19,False,B_chrono_B0006_first60_last40,B,B0006,B0006
temp_end,0.9195756215425249,0.9195756215425249,20,False,B_chrono_B0006_first60_last40,B,B0006,B0006
voltage_end,-0.9146509113889953,0.9146509113889953,21,False,B_chrono_B0006_first60_last40,B,B0006,B0006
voltage_slope,-0.9011045666421901,0.9011045666421901,22,False,B_chrono_B0006_first60_last40,B,B0006,B0006
time_to_4p0v_s,0.8169583154686703,0.8169583154686703,23,False,B_chrono_B0006_first60_last40,B,B0006,B0006
time_to_4p1v_s,0.8082427995777169,0.8082427995777169,24,False,B_chrono_B0006_first60_last40,B,B0006,B0006
temp_range,-0.7520163851867352,0.7520163851867352,25,False,B_chrono_B0006_first60_last40,B,B0006,B0006
voltage_std,-0.7462953072019479,0.7462953072019479,26,False,B_chrono_B0006_first60_last40,B,B0006,B0006
temp_at_75pct_time,-0.7455931363087871,0.7455931363087871,27,False,B_chrono_B0006_first60_last40,B,B0006,B0006
temp_max,-0.5164964518995687,0.5164964518995687,28,False,B_chrono_B0006_first60_last40,B,B0006,B0006
temp_mean,-0.4620654941022895,0.4620654941022895,29,False,B_chrono_B0006_first60_last40,B,B0006,B0006
temp_at_50pct_time,-0.3746460604403476,0.3746460604403476,30,False,B_chrono_B0006_first60_last40,B,B0006,B0006
temp_min,0.3587251890326404,0.3587251890326404,31,False,B_chrono_B0006_first60_last40,B,B0006,B0006
temp_start,0.3578987745847159,0.3578987745847159,32,False,B_chrono_B0006_first60_last40,B,B0006,B0006
voltage_min,-0.3321504775137896,0.3321504775137896,33,False,B_chrono_B0006_first60_last40,B,B0006,B0006
voltage_max,-0.2919830577433841,0.2919830577433841,34,False,B_chrono_B0006_first60_last40,B,B0006,B0006
voltage_start,-0.2869422311269132,0.2869422311269132,35,False,B_chrono_B0006_first60_last40,B,B0006,B0006
temp_at_25pct_time,0.28067140649465816,0.28067140649465816,36,False,B_chrono_B0006_first60_last40,B,B0006,B0006
early_temp_mean,0.1465392493430202,0.1465392493430202,37,False,B_chrono_B0006_first60_last40,B,B0006,B0006
ambient_temperature,0.0,0.0,38,False,B_chrono_B0006_first60_last40,B,B0006,B0006
time_to_3p6v_s,0.9939648910442849,0.9939648910442849,1,True,B_chrono_B0007_first60_last40,B,B0007,B0007
time_to_3p7v_s,0.989879259062992,0.989879259062992,2,True,B_chrono_B0007_first60_last40,B,B0007,B0007
early_voltage_slope,0.9894738893144851,0.9894738893144851,3,True,B_chrono_B0007_first60_last40,B,B0007,B0007
time_to_3p5v_s,0.9866318120691184,0.9866318120691184,4,True,B_chrono_B0007_first60_last40,B,B0007,B0007
global_cycle_index,-0.9619516176850941,0.9619516176850941,5,True,B_chrono_B0007_first60_last40,B,B0007,B0007
cycle_index,-0.9478629466598241,0.9478629466598241,6,True,B_chrono_B0007_first60_last40,B,B0007,B0007
duration_s,0.9206090621657056,0.9206090621657056,7,True,B_chrono_B0007_first60_last40,B,B0007,B0007
time_to_3p8v_s,0.9077030699468004,0.9077030699468004,8,True,B_chrono_B0007_first60_last40,B,B0007,B0007
time_to_4p0v_s,0.9061240736664637,0.9061240736664637,9,False,B_chrono_B0007_first60_last40,B,B0007,B0007
voltage_at_25pct_time,0.8638925502196568,0.8638925502196568,10,False,B_chrono_B0007_first60_last40,B,B0007,B0007
voltage_at_50pct_time,0.8441916033493634,0.8441916033493634,11,False,B_chrono_B0007_first60_last40,B,B0007,B0007
time_to_3p9v_s,0.8376081504999181,0.8376081504999181,12,False,B_chrono_B0007_first60_last40,B,B0007,B0007
early_voltage_mean,0.800590919980831,0.800590919980831,13,False,B_chrono_B0007_first60_last40,B,B0007,B0007
voltage_at_75pct_time,0.7802315218414972,0.7802315218414972,14,False,B_chrono_B0007_first60_last40,B,B0007,B0007
time_to_4p1v_s,0.7171371141229755,0.7171371141229755,15,False,B_chrono_B0007_first60_last40,B,B0007,B0007
temp_range,-0.7161652085587955,0.7161652085587955,16,False,B_chrono_B0007_first60_last40,B,B0007,B0007
voltage_mean,0.6856119882836247,0.6856119882836247,17,False,B_chrono_B0007_first60_last40,B,B0007,B0007
voltage_start,-0.5601713695274574,0.5601713695274574,18,False,B_chrono_B0007_first60_last40,B,B0007,B0007
voltage_max,-0.5546686677388809,0.5546686677388809,19,False,B_chrono_B0007_first60_last40,B,B0007,B0007
temp_rise,-0.5437862307588064,0.5437862307588064,20,False,B_chrono_B0007_first60_last40,B,B0007,B0007
voltage_end,-0.48078254935215703,0.48078254935215703,21,False,B_chrono_B0007_first60_last40,B,B0007,B0007
voltage_min,-0.4761394484847998,0.4761394484847998,22,False,B_chrono_B0007_first60_last40,B,B0007,B0007
temp_end,-0.42662516643032966,0.42662516643032966,23,False,B_chrono_B0007_first60_last40,B,B0007,B0007
temp_max,-0.4198868633121647,0.4198868633121647,24,False,B_chrono_B0007_first60_last40,B,B0007,B0007
voltage_slope,-0.3856240266668898,0.3856240266668898,25,False,B_chrono_B0007_first60_last40,B,B0007,B0007
avg_power_w,0.253481356918038,0.253481356918038,26,False,B_chrono_B0007_first60_last40,B,B0007,B0007
temp_at_25pct_time,0.23426124616731203,0.23426124616731203,27,False,B_chrono_B0007_first60_last40,B,B0007,B0007
temp_start,0.21216015255690857,0.21216015255690857,28,False,B_chrono_B0007_first60_last40,B,B0007,B0007
temp_min,0.21016702065506693,0.21016702065506693,29,False,B_chrono_B0007_first60_last40,B,B0007,B0007
temp_at_75pct_time,-0.16973288566702444,0.16973288566702444,30,False,B_chrono_B0007_first60_last40,B,B0007,B0007
current_std,-0.16372429586798729,0.16372429586798729,31,False,B_chrono_B0007_first60_last40,B,B0007,B0007
voltage_std,0.15301680326475833,0.15301680326475833,32,False,B_chrono_B0007_first60_last40,B,B0007,B0007
early_temp_mean,0.12561069325258808,0.12561069325258808,33,False,B_chrono_B0007_first60_last40,B,B0007,B0007
temp_at_50pct_time,0.11828979510666349,0.11828979510666349,34,False,B_chrono_B0007_first60_last40,B,B0007,B0007
current_mean,-0.09785164055696664,0.09785164055696664,35,False,B_chrono_B0007_first60_last40,B,B0007,B0007
current_abs_mean,0.09784110833281139,0.09784110833281139,36,False,B_chrono_B0007_first60_last40,B,B0007,B0007
temp_mean,-0.06947797987187371,0.06947797987187371,37,False,B_chrono_B0007_first60_last40,B,B0007,B0007
ambient_temperature,0.0,0.0,38,False,B_chrono_B0007_first60_last40,B,B0007,B0007
duration_s,0.9844628214547892,0.9844628214547892,1,True,B_chrono_B0018_first60_last40,B,B0018,B0018
avg_power_w,0.9822328114731897,0.9822328114731897,2,True,B_chrono_B0018_first60_last40,B,B0018,B0018
time_to_3p5v_s,0.981757100512318,0.981757100512318,3,True,B_chrono_B0018_first60_last40,B,B0018,B0018
current_mean,-0.9780081137768423,0.9780081137768423,4,True,B_chrono_B0018_first60_last40,B,B0018,B0018
current_abs_mean,0.9779796560940394,0.9779796560940394,5,True,B_chrono_B0018_first60_last40,B,B0018,B0018
time_to_3p6v_s,0.977344103817285,0.977344103817285,6,True,B_chrono_B0018_first60_last40,B,B0018,B0018
current_std,-0.9714995876065077,0.9714995876065077,7,True,B_chrono_B0018_first60_last40,B,B0018,B0018
early_voltage_slope,0.9687279705742661,0.9687279705742661,8,True,B_chrono_B0018_first60_last40,B,B0018,B0018
voltage_at_50pct_time,0.9624641294934129,0.9624641294934129,9,False,B_chrono_B0018_first60_last40,B,B0018,B0018
voltage_at_75pct_time,0.9548696749410132,0.9548696749410132,10,False,B_chrono_B0018_first60_last40,B,B0018,B0018
time_to_3p7v_s,0.9502050927046026,0.9502050927046026,11,False,B_chrono_B0018_first60_last40,B,B0018,B0018
voltage_mean,0.9314691888323221,0.9314691888323221,12,False,B_chrono_B0018_first60_last40,B,B0018,B0018
cycle_index,-0.9253043134186553,0.9253043134186553,13,False,B_chrono_B0018_first60_last40,B,B0018,B0018
global_cycle_index,-0.9244767492741005,0.9244767492741005,14,False,B_chrono_B0018_first60_last40,B,B0018,B0018
voltage_at_25pct_time,0.9232815244625115,0.9232815244625115,15,False,B_chrono_B0018_first60_last40,B,B0018,B0018
voltage_end,-0.9207448737074587,0.9207448737074587,16,False,B_chrono_B0018_first60_last40,B,B0018,B0018
temp_rise,0.8825469478429523,0.8825469478429523,17,False,B_chrono_B0018_first60_last40,B,B0018,B0018
time_to_4p0v_s,-0.8704249079007533,0.8704249079007533,18,False,B_chrono_B0018_first60_last40,B,B0018,B0018
voltage_slope,-0.8654618631755867,0.8654618631755867,19,False,B_chrono_B0018_first60_last40,B,B0018,B0018
temp_end,0.8552466083267529,0.8552466083267529,20,False,B_chrono_B0018_first60_last40,B,B0018,B0018
time_to_4p1v_s,-0.8172843115425391,0.8172843115425391,21,False,B_chrono_B0018_first60_last40,B,B0018,B0018
time_to_3p8v_s,0.780421099197593,0.780421099197593,22,False,B_chrono_B0018_first60_last40,B,B0018,B0018
early_voltage_mean,0.7118096755250602,0.7118096755250602,23,False,B_chrono_B0018_first60_last40,B,B0018,B0018
time_to_3p9v_s,0.6420394887652754,0.6420394887652754,24,False,B_chrono_B0018_first60_last40,B,B0018,B0018
temp_at_25pct_time,0.6149893270268684,0.6149893270268684,25,False,B_chrono_B0018_first60_last40,B,B0018,B0018
voltage_std,-0.5777929289872437,0.5777929289872437,26,False,B_chrono_B0018_first60_last40,B,B0018,B0018
temp_range,-0.5719329851564013,0.5719329851564013,27,False,B_chrono_B0018_first60_last40,B,B0018,B0018
early_temp_mean,0.4935946399666076,0.4935946399666076,28,False,B_chrono_B0018_first60_last40,B,B0018,B0018
temp_min,0.4553691638958174,0.4553691638958174,29,False,B_chrono_B0018_first60_last40,B,B0018,B0018
temp_start,0.45327801979349164,0.45327801979349164,30,False,B_chrono_B0018_first60_last40,B,B0018,B0018
temp_at_50pct_time,0.4168261462073314,0.4168261462073314,31,False,B_chrono_B0018_first60_last40,B,B0018,B0018
voltage_start,0.3536763058814347,0.3536763058814347,32,False,B_chrono_B0018_first60_last40,B,B0018,B0018
temp_mean,0.34404485031562065,0.34404485031562065,33,False,B_chrono_B0018_first60_last40,B,B0018,B0018
voltage_max,0.3240925256085772,0.3240925256085772,34,False,B_chrono_B0018_first60_last40,B,B0018,B0018
temp_at_75pct_time,-0.11958447057292163,0.11958447057292163,35,False,B_chrono_B0018_first60_last40,B,B0018,B0018
temp_max,0.11010011005790987,0.11010011005790987,36,False,B_chrono_B0018_first60_last40,B,B0018,B0018
voltage_min,0.04371662751090486,0.04371662751090486,37,False,B_chrono_B0018_first60_last40,B,B0018,B0018
ambient_temperature,0.0,0.0,38,False,B_chrono_B0018_first60_last40,B,B0018,B0018
time_to_3p6v_s,0.9970112391123828,0.9970112391123828,1,True,C_transfer_B0007_to_B0005_target10,C,B0007,B0005
time_to_3p5v_s,0.9955908000996025,0.9955908000996025,2,True,C_transfer_B0007_to_B0005_target10,C,B0007,B0005
time_to_3p7v_s,0.9938492104903096,0.9938492104903096,3,True,C_transfer_B0007_to_B0005_target10,C,B0007,B0005
early_voltage_slope,0.9900900727917571,0.9900900727917571,4,True,C_transfer_B0007_to_B0005_target10,C,B0007,B0005
global_cycle_index,-0.9796968300427583,0.9796968300427583,5,True,C_transfer_B0007_to_B0005_target10,C,B0007,B0005
cycle_index,-0.9745133565886848,0.9745133565886848,6,True,C_transfer_B0007_to_B0005_target10,C,B0007,B0005
duration_s,0.9554701759575278,0.9554701759575278,7,True,C_transfer_B0007_to_B0005_target10,C,B0007,B0005
time_to_3p8v_s,0.9539493340811374,0.9539493340811374,8,True,C_transfer_B0007_to_B0005_target10,C,B0007,B0005
voltage_at_50pct_time,0.9482291321031686,0.9482291321031686,9,False,C_transfer_B0007_to_B0005_target10,C,B0007,B0005
time_to_4p0v_s,0.9406888985278009,0.9406888985278009,10,False,C_transfer_B0007_to_B0005_target10,C,B0007,B0005
voltage_at_25pct_time,0.9401230235785921,0.9401230235785921,11,False,C_transfer_B0007_to_B0005_target10,C,B0007,B0005
voltage_at_75pct_time,0.927718887895027,0.927718887895027,12,False,C_transfer_B0007_to_B0005_target10,C,B0007,B0005
voltage_mean,0.9270441066876967,0.9270441066876967,13,False,C_transfer_B0007_to_B0005_target10,C,B0007,B0005
time_to_3p9v_s,0.9121047560915092,0.9121047560915092,14,False,C_transfer_B0007_to_B0005_target10,C,B0007,B0005
early_voltage_mean,0.8946286933339508,0.8946286933339508,15,False,C_transfer_B0007_to_B0005_target10,C,B0007,B0005
temp_max,-0.8151474342619515,0.8151474342619515,16,False,C_transfer_B0007_to_B0005_target10,C,B0007,B0005
temp_range,-0.811539281219886,0.811539281219886,17,False,C_transfer_B0007_to_B0005_target10,C,B0007,B0005
time_to_4p1v_s,0.733457880965146,0.733457880965146,18,False,C_transfer_B0007_to_B0005_target10,C,B0007,B0005
temp_at_75pct_time,-0.7038583222506439,0.7038583222506439,19,False,C_transfer_B0007_to_B0005_target10,C,B0007,B0005
temp_mean,-0.6002489134119094,0.6002489134119094,20,False,C_transfer_B0007_to_B0005_target10,C,B0007,B0005
voltage_end,-0.5945166247371634,0.5945166247371634,21,False,C_transfer_B0007_to_B0005_target10,C,B0007,B0005
avg_power_w,0.5526477079607383,0.5526477079607383,22,False,C_transfer_B0007_to_B0005_target10,C,B0007,B0005
temp_end,-0.48259483120060964,0.48259483120060964,23,False,C_transfer_B0007_to_B0005_target10,C,B0007,B0005
voltage_slope,-0.469096042224457,0.469096042224457,24,False,C_transfer_B0007_to_B0005_target10,C,B0007,B0005
voltage_std,-0.46148311853964374,0.46148311853964374,25,False,C_transfer_B0007_to_B0005_target10,C,B0007,B0005
temp_rise,-0.42422683095463115,0.42422683095463115,26,False,C_transfer_B0007_to_B0005_target10,C,B0007,B0005
temp_at_50pct_time,-0.4202822971550374,0.4202822971550374,27,False,C_transfer_B0007_to_B0005_target10,C,B0007,B0005
current_std,-0.368561519195576,0.368561519195576,28,False,C_transfer_B0007_to_B0005_target10,C,B0007,B0005
current_abs_mean,0.34312588863800086,0.34312588863800086,29,False,C_transfer_B0007_to_B0005_target10,C,B0007,B0005
current_mean,-0.3430189429216309,0.3430189429216309,30,False,C_transfer_B0007_to_B0005_target10,C,B0007,B0005
voltage_start,-0.31313043812260344,0.31313043812260344,31,False,C_transfer_B0007_to_B0005_target10,C,B0007,B0005
voltage_max,-0.3111766885057801,0.3111766885057801,32,False,C_transfer_B0007_to_B0005_target10,C,B0007,B0005
early_temp_mean,-0.13141358620182478,0.13141358620182478,33,False,C_transfer_B0007_to_B0005_target10,C,B0007,B0005
temp_at_25pct_time,-0.081088493760475,0.081088493760475,34,False,C_transfer_B0007_to_B0005_target10,C,B0007,B0005
temp_min,-0.0686397814917032,0.0686397814917032,35,False,C_transfer_B0007_to_B0005_target10,C,B0007,B0005
temp_start,-0.06575130965252524,0.06575130965252524,36,False,C_transfer_B0007_to_B0005_target10,C,B0007,B0005
voltage_min,0.05855287564035765,0.05855287564035765,37,False,C_transfer_B0007_to_B0005_target10,C,B0007,B0005
ambient_temperature,0.0,0.0,38,False,C_transfer_B0007_to_B0005_target10,C,B0007,B0005
early_voltage_slope,0.9916227014283917,0.9916227014283917,1,True,C_transfer_B0007_to_B0006_target10,C,B0007,B0006
time_to_3p6v_s,0.9834269773632198,0.9834269773632198,2,True,C_transfer_B0007_to_B0006_target10,C,B0007,B0006
cycle_index,-0.9804567974260415,0.9804567974260415,3,True,C_transfer_B0007_to_B0006_target10,C,B0007,B0006
global_cycle_index,-0.9789123698000142,0.9789123698000142,4,True,C_transfer_B0007_to_B0006_target10,C,B0007,B0006
time_to_3p5v_s,0.9787843211437901,0.9787843211437901,5,True,C_transfer_B0007_to_B0006_target10,C,B0007,B0006
duration_s,0.9771809434286564,0.9771809434286564,6,True,C_transfer_B0007_to_B0006_target10,C,B0007,B0006
time_to_3p7v_s,0.9728008803276567,0.9728008803276567,7,True,C_transfer_B0007_to_B0006_target10,C,B0007,B0006
voltage_at_50pct_time,0.929946442437518,0.929946442437518,8,True,C_transfer_B0007_to_B0006_target10,C,B0007,B0006
voltage_mean,0.9289055060249061,0.9289055060249061,9,False,C_transfer_B0007_to_B0006_target10,C,B0007,B0006
voltage_at_75pct_time,0.9239297611499664,0.9239297611499664,10,False,C_transfer_B0007_to_B0006_target10,C,B0007,B0006
time_to_4p0v_s,0.9218347641875696,0.9218347641875696,11,False,C_transfer_B0007_to_B0006_target10,C,B0007,B0006
voltage_at_25pct_time,0.9112285880831221,0.9112285880831221,12,False,C_transfer_B0007_to_B0006_target10,C,B0007,B0006
temp_range,-0.9090550398633666,0.9090550398633666,13,False,C_transfer_B0007_to_B0006_target10,C,B0007,B0006
time_to_3p8v_s,0.8984889732951138,0.8984889732951138,14,False,C_transfer_B0007_to_B0006_target10,C,B0007,B0006
temp_max,-0.8423128037003894,0.8423128037003894,15,False,C_transfer_B0007_to_B0006_target10,C,B0007,B0006
avg_power_w,0.837938779194495,0.837938779194495,16,False,C_transfer_B0007_to_B0006_target10,C,B0007,B0006
early_voltage_mean,0.8161347736837241,0.8161347736837241,17,False,C_transfer_B0007_to_B0006_target10,C,B0007,B0006
time_to_4p1v_s,0.76368806304185,0.76368806304185,18,False,C_transfer_B0007_to_B0006_target10,C,B0007,B0006
current_mean,-0.7611727608025559,0.7611727608025559,19,False,C_transfer_B0007_to_B0006_target10,C,B0007,B0006
current_abs_mean,0.7611587323874797,0.7611587323874797,20,False,C_transfer_B0007_to_B0006_target10,C,B0007,B0006
time_to_3p9v_s,0.7566878708029723,0.7566878708029723,21,False,C_transfer_B0007_to_B0006_target10,C,B0007,B0006
voltage_end,-0.7471255631005508,0.7471255631005508,22,False,C_transfer_B0007_to_B0006_target10,C,B0007,B0006
temp_at_75pct_time,-0.7216842822443007,0.7216842822443007,23,False,C_transfer_B0007_to_B0006_target10,C,B0007,B0006
current_std,-0.7164074903597194,0.7164074903597194,24,False,C_transfer_B0007_to_B0006_target10,C,B0007,B0006
voltage_slope,-0.6444939032869504,0.6444939032869504,25,False,C_transfer_B0007_to_B0006_target10,C,B0007,B0006
temp_mean,-0.5977050976678345,0.5977050976678345,26,False,C_transfer_B0007_to_B0006_target10,C,B0007,B0006
voltage_std,-0.587163837809722,0.587163837809722,27,False,C_transfer_B0007_to_B0006_target10,C,B0007,B0006
temp_rise,-0.5351773411713298,0.5351773411713298,28,False,C_transfer_B0007_to_B0006_target10,C,B0007,B0006
voltage_start,-0.5137544340478344,0.5137544340478344,29,False,C_transfer_B0007_to_B0006_target10,C,B0007,B0006
voltage_max,-0.512612257570501,0.512612257570501,30,False,C_transfer_B0007_to_B0006_target10,C,B0007,B0006
temp_end,-0.5096869942092442,0.5096869942092442,31,False,C_transfer_B0007_to_B0006_target10,C,B0007,B0006
temp_at_50pct_time,-0.42012046570568334,0.42012046570568334,32,False,C_transfer_B0007_to_B0006_target10,C,B0007,B0006
voltage_min,0.1244896209170906,0.1244896209170906,33,False,C_transfer_B0007_to_B0006_target10,C,B0007,B0006
temp_at_25pct_time,-0.1194315279040602,0.1194315279040602,34,False,C_transfer_B0007_to_B0006_target10,C,B0007,B0006
early_temp_mean,-0.11572073639237647,0.11572073639237647,35,False,C_transfer_B0007_to_B0006_target10,C,B0007,B0006
temp_start,0.037845917559450305,0.037845917559450305,36,False,C_transfer_B0007_to_B0006_target10,C,B0007,B0006
temp_min,0.035657147458727806,0.035657147458727806,37,False,C_transfer_B0007_to_B0006_target10,C,B0007,B0006
ambient_temperature,0.0,0.0,38,False,C_transfer_B0007_to_B0006_target10,C,B0007,B0006
time_to_3p6v_s,0.9977529981239869,0.9977529981239869,1,True,C_transfer_B0005_to_B0007_target10,C,B0005,B0007
time_to_3p5v_s,0.9972351672636044,0.9972351672636044,2,True,C_transfer_B0005_to_B0007_target10,C,B0005,B0007
time_to_3p7v_s,0.9962626262317619,0.9962626262317619,3,True,C_transfer_B0005_to_B0007_target10,C,B0005,B0007
early_voltage_slope,0.9955161118989039,0.9955161118989039,4,True,C_transfer_B0005_to_B0007_target10,C,B0005,B0007
global_cycle_index,-0.9893943852578849,0.9893943852578849,5,True,C_transfer_B0005_to_B0007_target10,C,B0005,B0007
cycle_index,-0.9860494160526808,0.9860494160526808,6,True,C_transfer_B0005_to_B0007_target10,C,B0005,B0007
time_to_3p8v_s,0.9775577107406463,0.9775577107406463,7,True,C_transfer_B0005_to_B0007_target10,C,B0005,B0007
voltage_at_50pct_time,0.9737101175150639,0.9737101175150639,8,True,C_transfer_B0005_to_B0007_target10,C,B0005,B0007
voltage_at_25pct_time,0.970311531934827,0.970311531934827,9,False,C_transfer_B0005_to_B0007_target10,C,B0005,B0007
duration_s,0.9659296946443282,0.9659296946443282,10,False,C_transfer_B0005_to_B0007_target10,C,B0005,B0007
time_to_3p9v_s,0.9653460860978638,0.9653460860978638,11,False,C_transfer_B0005_to_B0007_target10,C,B0005,B0007
voltage_at_75pct_time,0.9593613596022287,0.9593613596022287,12,False,C_transfer_B0005_to_B0007_target10,C,B0005,B0007
early_voltage_mean,0.9592477073544701,0.9592477073544701,13,False,C_transfer_B0005_to_B0007_target10,C,B0005,B0007
voltage_mean,0.9338449451249439,0.9338449451249439,14,False,C_transfer_B0005_to_B0007_target10,C,B0005,B0007
avg_power_w,0.9018183298739684,0.9018183298739684,15,False,C_transfer_B0005_to_B0007_target10,C,B0005,B0007
voltage_end,-0.883967616885723,0.883967616885723,16,False,C_transfer_B0005_to_B0007_target10,C,B0005,B0007
current_abs_mean,0.8789732694034668,0.8789732694034668,17,False,C_transfer_B0005_to_B0007_target10,C,B0005,B0007
current_mean,-0.8789627324979643,0.8789627324979643,18,False,C_transfer_B0005_to_B0007_target10,C,B0005,B0007
temp_at_75pct_time,-0.8739248218095383,0.8739248218095383,19,False,C_transfer_B0005_to_B0007_target10,C,B0005,B0007
time_to_4p0v_s,0.8693765742590066,0.8693765742590066,20,False,C_transfer_B0005_to_B0007_target10,C,B0005,B0007
current_std,-0.8612902299853479,0.8612902299853479,21,False,C_transfer_B0005_to_B0007_target10,C,B0005,B0007
voltage_slope,-0.7933113779510944,0.7933113779510944,22,False,C_transfer_B0005_to_B0007_target10,C,B0005,B0007
temp_range,-0.7702005707949423,0.7702005707949423,23,False,C_transfer_B0005_to_B0007_target10,C,B0005,B0007
temp_max,-0.7580701330710323,0.7580701330710323,24,False,C_transfer_B0005_to_B0007_target10,C,B0005,B0007
temp_mean,-0.7523982728188106,0.7523982728188106,25,False,C_transfer_B0005_to_B0007_target10,C,B0005,B0007
time_to_4p1v_s,0.7465955147275622,0.7465955147275622,26,False,C_transfer_B0005_to_B0007_target10,C,B0005,B0007
temp_at_50pct_time,-0.7088126378532364,0.7088126378532364,27,False,C_transfer_B0005_to_B0007_target10,C,B0005,B0007
voltage_min,-0.520101593507201,0.520101593507201,28,False,C_transfer_B0005_to_B0007_target10,C,B0005,B0007
temp_rise,0.4994922516669065,0.4994922516669065,29,False,C_transfer_B0005_to_B0007_target10,C,B0005,B0007
temp_end,0.46634497685041065,0.46634497685041065,30,False,C_transfer_B0005_to_B0007_target10,C,B0005,B0007
voltage_std,0.3555413074185567,0.3555413074185567,31,False,C_transfer_B0005_to_B0007_target10,C,B0005,B0007
early_temp_mean,-0.3236300283044125,0.3236300283044125,32,False,C_transfer_B0005_to_B0007_target10,C,B0005,B0007
temp_at_25pct_time,-0.30059889272538737,0.30059889272538737,33,False,C_transfer_B0005_to_B0007_target10,C,B0005,B0007
voltage_max,-0.23742361896146943,0.23742361896146943,34,False,C_transfer_B0005_to_B0007_target10,C,B0005,B0007
voltage_start,-0.23696465291936228,0.23696465291936228,35,False,C_transfer_B0005_to_B0007_target10,C,B0005,B0007
temp_min,-0.1740872157905213,0.1740872157905213,36,False,C_transfer_B0005_to_B0007_target10,C,B0005,B0007
temp_start,-0.17376965170212236,0.17376965170212236,37,False,C_transfer_B0005_to_B0007_target10,C,B0005,B0007
ambient_temperature,0.0,0.0,38,False,C_transfer_B0005_to_B0007_target10,C,B0005,B0007
early_voltage_slope,0.9943734972009022,0.9943734972009022,1,True,C_transfer_B0005_to_B0018_target10,C,B0005,B0018
time_to_3p6v_s,0.9940224806898048,0.9940224806898048,2,True,C_transfer_B0005_to_B0018_target10,C,B0005,B0018
time_to_3p5v_s,0.9924934749608381,0.9924934749608381,3,True,C_transfer_B0005_to_B0018_target10,C,B0005,B0018
time_to_3p7v_s,0.9892452153677375,0.9892452153677375,4,True,C_transfer_B0005_to_B0018_target10,C,B0005,B0018
global_cycle_index,-0.9866703769290293,0.9866703769290293,5,True,C_transfer_B0005_to_B0018_target10,C,B0005,B0018
cycle_index,-0.9805755493507777,0.9805755493507777,6,True,C_transfer_B0005_to_B0018_target10,C,B0005,B0018
voltage_at_50pct_time,0.9744318357587884,0.9744318357587884,7,True,C_transfer_B0005_to_B0018_target10,C,B0005,B0018
voltage_at_25pct_time,0.9670955971676761,0.9670955971676761,8,True,C_transfer_B0005_to_B0018_target10,C,B0005,B0018
duration_s,0.9644771984878941,0.9644771984878941,9,False,C_transfer_B0005_to_B0018_target10,C,B0005,B0018
voltage_at_75pct_time,0.9641554112926224,0.9641554112926224,10,False,C_transfer_B0005_to_B0018_target10,C,B0005,B0018
temp_range,-0.9638241854239625,0.9638241854239625,11,False,C_transfer_B0005_to_B0018_target10,C,B0005,B0018
voltage_mean,0.9515716133520958,0.9515716133520958,12,False,C_transfer_B0005_to_B0018_target10,C,B0005,B0018
time_to_3p8v_s,0.950191452774126,0.950191452774126,13,False,C_transfer_B0005_to_B0018_target10,C,B0005,B0018
early_voltage_mean,0.9287544177440031,0.9287544177440031,14,False,C_transfer_B0005_to_B0018_target10,C,B0005,B0018
voltage_end,-0.927098798400618,0.927098798400618,15,False,C_transfer_B0005_to_B0018_target10,C,B0005,B0018
avg_power_w,0.9192508194960592,0.9192508194960592,16,False,C_transfer_B0005_to_B0018_target10,C,B0005,B0018
temp_max,-0.9187517407296476,0.9187517407296476,17,False,C_transfer_B0005_to_B0018_target10,C,B0005,B0018
time_to_3p9v_s,0.9106084880887202,0.9106084880887202,18,False,C_transfer_B0005_to_B0018_target10,C,B0005,B0018
temp_at_75pct_time,-0.902974040215557,0.902974040215557,19,False,C_transfer_B0005_to_B0018_target10,C,B0005,B0018
current_abs_mean,0.894520483122067,0.894520483122067,20,False,C_transfer_B0005_to_B0018_target10,C,B0005,B0018
current_mean,-0.8944923625194232,0.8944923625194232,21,False,C_transfer_B0005_to_B0018_target10,C,B0005,B0018
current_std,-0.8705064592036055,0.8705064592036055,22,False,C_transfer_B0005_to_B0018_target10,C,B0005,B0018
voltage_slope,-0.8446999695100075,0.8446999695100075,23,False,C_transfer_B0005_to_B0018_target10,C,B0005,B0018
temp_mean,-0.8040168038707939,0.8040168038707939,24,False,C_transfer_B0005_to_B0018_target10,C,B0005,B0018
temp_at_50pct_time,-0.7808513754113029,0.7808513754113029,25,False,C_transfer_B0005_to_B0018_target10,C,B0005,B0018
time_to_4p0v_s,0.6996829447497245,0.6996829447497245,26,False,C_transfer_B0005_to_B0018_target10,C,B0005,B0018
time_to_4p1v_s,0.569222156119642,0.569222156119642,27,False,C_transfer_B0005_to_B0018_target10,C,B0005,B0018
voltage_min,-0.5493928180022084,0.5493928180022084,28,False,C_transfer_B0005_to_B0018_target10,C,B0005,B0018
temp_at_25pct_time,-0.43385612427130493,0.43385612427130493,29,False,C_transfer_B0005_to_B0018_target10,C,B0005,B0018
voltage_max,-0.4280748415309735,0.4280748415309735,30,False,C_transfer_B0005_to_B0018_target10,C,B0005,B0018
voltage_start,-0.4233387844949796,0.4233387844949796,31,False,C_transfer_B0005_to_B0018_target10,C,B0005,B0018
temp_rise,0.40784437604295826,0.40784437604295826,32,False,C_transfer_B0005_to_B0018_target10,C,B0005,B0018
early_temp_mean,-0.38910959431219533,0.38910959431219533,33,False,C_transfer_B0005_to_B0018_target10,C,B0005,B0018
temp_end,0.33616640491772026,0.33616640491772026,34,False,C_transfer_B0005_to_B0018_target10,C,B0005,B0018
temp_start,-0.209035594523204,0.209035594523204,35,False,C_transfer_B0005_to_B0018_target10,C,B0005,B0018
temp_min,-0.20895689034050763,0.20895689034050763,36,False,C_transfer_B0005_to_B0018_target10,C,B0005,B0018
voltage_std,-0.021681516873598868,0.021681516873598868,37,False,C_transfer_B0005_to_B0018_target10,C,B0005,B0018
ambient_temperature,0.0,0.0,38,False,C_transfer_B0005_to_B0018_target10,C,B0005,B0018
