feature,pcc,abs_pcc,selected,scenario,case,source_battery,target_battery
time_to_3p6v_s,0.9984171476789754,0.9984171476789754,True,A_random_B0005_60_20_20,A,B0005,B0005
time_to_3p5v_s,0.9981657522920703,0.9981657522920703,True,A_random_B0005_60_20_20,A,B0005,B0005
time_to_3p7v_s,0.9969959682537289,0.9969959682537289,True,A_random_B0005_60_20_20,A,B0005,B0005
early_voltage_slope,0.9952375773498918,0.9952375773498918,True,A_random_B0005_60_20_20,A,B0005,B0005
global_cycle_index,-0.9878003661640276,0.9878003661640276,True,A_random_B0005_60_20_20,A,B0005,B0005
cycle_index,-0.9859968383665598,0.9859968383665598,True,A_random_B0005_60_20_20,A,B0005,B0005
time_to_3p8v_s,0.9829991792120393,0.9829991792120393,True,A_random_B0005_60_20_20,A,B0005,B0005
voltage_mean,0.9794692508713823,0.9794692508713823,True,A_random_B0005_60_20_20,A,B0005,B0005
voltage_at_50pct_time,0.9791098362349602,0.9791098362349602,False,A_random_B0005_60_20_20,A,B0005,B0005
voltage_at_25pct_time,0.9772185962305323,0.9772185962305323,False,A_random_B0005_60_20_20,A,B0005,B0005
duration_s,0.9741464708151675,0.9741464708151675,False,A_random_B0005_60_20_20,A,B0005,B0005
temp_range,-0.9739507764441456,0.9739507764441456,False,A_random_B0005_60_20_20,A,B0005,B0005
time_to_3p9v_s,0.9728150715287555,0.9728150715287555,False,A_random_B0005_60_20_20,A,B0005,B0005
early_voltage_mean,0.9680268539481642,0.9680268539481642,False,A_random_B0005_60_20_20,A,B0005,B0005
voltage_at_75pct_time,0.9642167550421403,0.9642167550421403,False,A_random_B0005_60_20_20,A,B0005,B0005
voltage_end,-0.962306986585166,0.962306986585166,False,A_random_B0005_60_20_20,A,B0005,B0005
avg_power_w,0.9455121877198229,0.9455121877198229,False,A_random_B0005_60_20_20,A,B0005,B0005
current_abs_mean,0.930793883517762,0.930793883517762,False,A_random_B0005_60_20_20,A,B0005,B0005
current_mean,-0.9307762128769319,0.9307762128769319,False,A_random_B0005_60_20_20,A,B0005,B0005
temp_at_75pct_time,-0.9301684764407256,0.9301684764407256,False,A_random_B0005_60_20_20,A,B0005,B0005
temp_max,-0.916858145427393,0.916858145427393,False,A_random_B0005_60_20_20,A,B0005,B0005
current_std,-0.9130110536397812,0.9130110536397812,False,A_random_B0005_60_20_20,A,B0005,B0005
voltage_slope,-0.9096564533680174,0.9096564533680174,False,A_random_B0005_60_20_20,A,B0005,B0005
time_to_4p0v_s,0.8305453140957327,0.8305453140957327,False,A_random_B0005_60_20_20,A,B0005,B0005
temp_at_50pct_time,-0.7941565346542808,0.7941565346542808,False,A_random_B0005_60_20_20,A,B0005,B0005
temp_mean,-0.7627100145487208,0.7627100145487208,False,A_random_B0005_60_20_20,A,B0005,B0005
time_to_4p1v_s,0.6549700355691656,0.6549700355691656,False,A_random_B0005_60_20_20,A,B0005,B0005
temp_end,0.587349836693794,0.587349836693794,False,A_random_B0005_60_20_20,A,B0005,B0005
temp_rise,0.5723633569692969,0.5723633569692969,False,A_random_B0005_60_20_20,A,B0005,B0005
voltage_min,-0.47890657065512543,0.47890657065512543,False,A_random_B0005_60_20_20,A,B0005,B0005
voltage_std,-0.34774750279328964,0.34774750279328964,False,A_random_B0005_60_20_20,A,B0005,B0005
temp_at_25pct_time,-0.17845703026472012,0.17845703026472012,False,A_random_B0005_60_20_20,A,B0005,B0005
voltage_max,-0.1454691145334096,0.1454691145334096,False,A_random_B0005_60_20_20,A,B0005,B0005
voltage_start,-0.1454691145334096,0.1454691145334096,False,A_random_B0005_60_20_20,A,B0005,B0005
temp_min,0.08633489892445659,0.08633489892445659,False,A_random_B0005_60_20_20,A,B0005,B0005
temp_start,0.08565479132261752,0.08565479132261752,False,A_random_B0005_60_20_20,A,B0005,B0005
early_temp_mean,-0.05767779168595584,0.05767779168595584,False,A_random_B0005_60_20_20,A,B0005,B0005
ambient_temperature,0.0,0.0,False,A_random_B0005_60_20_20,A,B0005,B0005
time_to_3p6v_s,0.9947126590587981,0.9947126590587981,True,A_random_B0006_60_20_20,A,B0006,B0006
time_to_3p7v_s,0.9944276857890259,0.9944276857890259,True,A_random_B0006_60_20_20,A,B0006,B0006
duration_s,0.992935634458129,0.992935634458129,True,A_random_B0006_60_20_20,A,B0006,B0006
time_to_3p5v_s,0.9927889508712485,0.9927889508712485,True,A_random_B0006_60_20_20,A,B0006,B0006
avg_power_w,0.9911760668793849,0.9911760668793849,True,A_random_B0006_60_20_20,A,B0006,B0006
voltage_at_50pct_time,0.9885564377582192,0.9885564377582192,True,A_random_B0006_60_20_20,A,B0006,B0006
current_mean,-0.9877383735344528,0.9877383735344528,True,A_random_B0006_60_20_20,A,B0006,B0006
current_abs_mean,0.9877362742348015,0.9877362742348015,True,A_random_B0006_60_20_20,A,B0006,B0006
early_voltage_slope,0.9876959821060334,0.9876959821060334,False,A_random_B0006_60_20_20,A,B0006,B0006
voltage_at_25pct_time,0.9852023632123476,0.9852023632123476,False,A_random_B0006_60_20_20,A,B0006,B0006
early_voltage_mean,0.9829445076926112,0.9829445076926112,False,A_random_B0006_60_20_20,A,B0006,B0006
current_std,-0.9828953951195258,0.9828953951195258,False,A_random_B0006_60_20_20,A,B0006,B0006
cycle_index,-0.9809113297624507,0.9809113297624507,False,A_random_B0006_60_20_20,A,B0006,B0006
global_cycle_index,-0.9786695344966507,0.9786695344966507,False,A_random_B0006_60_20_20,A,B0006,B0006
time_to_3p8v_s,0.9775009820991217,0.9775009820991217,False,A_random_B0006_60_20_20,A,B0006,B0006
temp_rise,0.9661899707451881,0.9661899707451881,False,A_random_B0006_60_20_20,A,B0006,B0006
time_to_3p9v_s,0.9648223753357126,0.9648223753357126,False,A_random_B0006_60_20_20,A,B0006,B0006
voltage_mean,0.961080383125221,0.961080383125221,False,A_random_B0006_60_20_20,A,B0006,B0006
temp_at_75pct_time,-0.9416918972100053,0.9416918972100053,False,A_random_B0006_60_20_20,A,B0006,B0006
temp_end,0.929033633364572,0.929033633364572,False,A_random_B0006_60_20_20,A,B0006,B0006
voltage_at_75pct_time,0.9261550161557539,0.9261550161557539,False,A_random_B0006_60_20_20,A,B0006,B0006
temp_range,-0.9149630883448608,0.9149630883448608,False,A_random_B0006_60_20_20,A,B0006,B0006
voltage_end,-0.91175410314095,0.91175410314095,False,A_random_B0006_60_20_20,A,B0006,B0006
voltage_slope,-0.9031787399835418,0.9031787399835418,False,A_random_B0006_60_20_20,A,B0006,B0006
temp_at_50pct_time,-0.8680175274482792,0.8680175274482792,False,A_random_B0006_60_20_20,A,B0006,B0006
temp_max,-0.8468592813306794,0.8468592813306794,False,A_random_B0006_60_20_20,A,B0006,B0006
temp_mean,-0.8036358506002752,0.8036358506002752,False,A_random_B0006_60_20_20,A,B0006,B0006
time_to_4p0v_s,0.7946288809882872,0.7946288809882872,False,A_random_B0006_60_20_20,A,B0006,B0006
time_to_4p1v_s,0.7741926756112465,0.7741926756112465,False,A_random_B0006_60_20_20,A,B0006,B0006
voltage_std,-0.7164181613240603,0.7164181613240603,False,A_random_B0006_60_20_20,A,B0006,B0006
temp_at_25pct_time,-0.4928059175330589,0.4928059175330589,False,A_random_B0006_60_20_20,A,B0006,B0006
voltage_min,-0.43787905468731364,0.43787905468731364,False,A_random_B0006_60_20_20,A,B0006,B0006
early_temp_mean,-0.21310719181405144,0.21310719181405144,False,A_random_B0006_60_20_20,A,B0006,B0006
temp_start,0.15870288742938138,0.15870288742938138,False,A_random_B0006_60_20_20,A,B0006,B0006
temp_min,0.1580310197372259,0.1580310197372259,False,A_random_B0006_60_20_20,A,B0006,B0006
voltage_max,0.0888249116424709,0.0888249116424709,False,A_random_B0006_60_20_20,A,B0006,B0006
voltage_start,0.08827795491448207,0.08827795491448207,False,A_random_B0006_60_20_20,A,B0006,B0006
ambient_temperature,0.0,0.0,False,A_random_B0006_60_20_20,A,B0006,B0006
time_to_3p6v_s,0.998711963448456,0.998711963448456,True,A_random_B0007_60_20_20,A,B0007,B0007
time_to_3p5v_s,0.9973658238570446,0.9973658238570446,True,A_random_B0007_60_20_20,A,B0007,B0007
time_to_3p7v_s,0.9973534299467868,0.9973534299467868,True,A_random_B0007_60_20_20,A,B0007,B0007
early_voltage_slope,0.9950522789663754,0.9950522789663754,True,A_random_B0007_60_20_20,A,B0007,B0007
global_cycle_index,-0.9877040959603085,0.9877040959603085,True,A_random_B0007_60_20_20,A,B0007,B0007
cycle_index,-0.9867464570420293,0.9867464570420293,True,A_random_B0007_60_20_20,A,B0007,B0007
duration_s,0.9812848321859629,0.9812848321859629,True,A_random_B0007_60_20_20,A,B0007,B0007
time_to_3p8v_s,0.9769036268846751,0.9769036268846751,True,A_random_B0007_60_20_20,A,B0007,B0007
voltage_at_50pct_time,0.9695810656466106,0.9695810656466106,False,A_random_B0007_60_20_20,A,B0007,B0007
voltage_at_25pct_time,0.9694275615328612,0.9694275615328612,False,A_random_B0007_60_20_20,A,B0007,B0007
time_to_3p9v_s,0.9661529301494399,0.9661529301494399,False,A_random_B0007_60_20_20,A,B0007,B0007
voltage_at_75pct_time,0.9612188981761801,0.9612188981761801,False,A_random_B0007_60_20_20,A,B0007,B0007
voltage_mean,0.9568498653262796,0.9568498653262796,False,A_random_B0007_60_20_20,A,B0007,B0007
early_voltage_mean,0.9515535746118502,0.9515535746118502,False,A_random_B0007_60_20_20,A,B0007,B0007
time_to_4p0v_s,0.9273755371182709,0.9273755371182709,False,A_random_B0007_60_20_20,A,B0007,B0007
avg_power_w,0.869656776002795,0.869656776002795,False,A_random_B0007_60_20_20,A,B0007,B0007
temp_range,-0.834131024168538,0.834131024168538,False,A_random_B0007_60_20_20,A,B0007,B0007
current_mean,-0.7976080482567345,0.7976080482567345,False,A_random_B0007_60_20_20,A,B0007,B0007
current_abs_mean,0.7975976800243436,0.7975976800243436,False,A_random_B0007_60_20_20,A,B0007,B0007
current_std,-0.7671469270002153,0.7671469270002153,False,A_random_B0007_60_20_20,A,B0007,B0007
temp_at_75pct_time,-0.7436527062232672,0.7436527062232672,False,A_random_B0007_60_20_20,A,B0007,B0007
voltage_end,-0.7325452422847076,0.7325452422847076,False,A_random_B0007_60_20_20,A,B0007,B0007
temp_max,-0.7111755755008905,0.7111755755008905,False,A_random_B0007_60_20_20,A,B0007,B0007
time_to_4p1v_s,0.6761015388074078,0.6761015388074078,False,A_random_B0007_60_20_20,A,B0007,B0007
voltage_slope,-0.6359067078896318,0.6359067078896318,False,A_random_B0007_60_20_20,A,B0007,B0007
temp_mean,-0.5262173062594452,0.5262173062594452,False,A_random_B0007_60_20_20,A,B0007,B0007
voltage_std,-0.47893257048411064,0.47893257048411064,False,A_random_B0007_60_20_20,A,B0007,B0007
temp_at_50pct_time,-0.39773180750791326,0.39773180750791326,False,A_random_B0007_60_20_20,A,B0007,B0007
voltage_min,-0.2684290306637992,0.2684290306637992,False,A_random_B0007_60_20_20,A,B0007,B0007
temp_at_25pct_time,0.12371242088583995,0.12371242088583995,False,A_random_B0007_60_20_20,A,B0007,B0007
early_temp_mean,0.08587852894624241,0.08587852894624241,False,A_random_B0007_60_20_20,A,B0007,B0007
voltage_max,0.07296758276903263,0.07296758276903263,False,A_random_B0007_60_20_20,A,B0007,B0007
voltage_start,0.06803427978547302,0.06803427978547302,False,A_random_B0007_60_20_20,A,B0007,B0007
temp_start,0.05669439534060551,0.05669439534060551,False,A_random_B0007_60_20_20,A,B0007,B0007
temp_min,0.054368427375253485,0.054368427375253485,False,A_random_B0007_60_20_20,A,B0007,B0007
temp_rise,-0.03246706968188897,0.03246706968188897,False,A_random_B0007_60_20_20,A,B0007,B0007
temp_end,0.006567675031692376,0.006567675031692376,False,A_random_B0007_60_20_20,A,B0007,B0007
ambient_temperature,0.0,0.0,False,A_random_B0007_60_20_20,A,B0007,B0007
time_to_3p5v_s,0.9976870460279088,0.9976870460279088,True,A_random_B0018_60_20_20,A,B0018,B0018
time_to_3p6v_s,0.9971714240769232,0.9971714240769232,True,A_random_B0018_60_20_20,A,B0018,B0018
time_to_3p7v_s,0.993942409361666,0.993942409361666,True,A_random_B0018_60_20_20,A,B0018,B0018
duration_s,0.9922016971265998,0.9922016971265998,True,A_random_B0018_60_20_20,A,B0018,B0018
voltage_at_50pct_time,0.9897546194355101,0.9897546194355101,True,A_random_B0018_60_20_20,A,B0018,B0018
voltage_mean,0.9876154547996363,0.9876154547996363,True,A_random_B0018_60_20_20,A,B0018,B0018
voltage_at_25pct_time,0.9862646768912992,0.9862646768912992,True,A_random_B0018_60_20_20,A,B0018,B0018
voltage_at_75pct_time,0.9853545904271053,0.9853545904271053,True,A_random_B0018_60_20_20,A,B0018,B0018
early_voltage_slope,0.9849554290967085,0.9849554290967085,False,A_random_B0018_60_20_20,A,B0018,B0018
avg_power_w,0.9846443664505677,0.9846443664505677,False,A_random_B0018_60_20_20,A,B0018,B0018
global_cycle_index,-0.9712894896210572,0.9712894896210572,False,A_random_B0018_60_20_20,A,B0018,B0018
time_to_3p8v_s,0.9709114239616168,0.9709114239616168,False,A_random_B0018_60_20_20,A,B0018,B0018
cycle_index,-0.9705648926223758,0.9705648926223758,False,A_random_B0018_60_20_20,A,B0018,B0018
current_abs_mean,0.9655887006046896,0.9655887006046896,False,A_random_B0018_60_20_20,A,B0018,B0018
current_mean,-0.9655483932104629,0.9655483932104629,False,A_random_B0018_60_20_20,A,B0018,B0018
early_voltage_mean,0.9573551854227011,0.9573551854227011,False,A_random_B0018_60_20_20,A,B0018,B0018
time_to_3p9v_s,0.9562302126121837,0.9562302126121837,False,A_random_B0018_60_20_20,A,B0018,B0018
current_std,-0.9407781532213855,0.9407781532213855,False,A_random_B0018_60_20_20,A,B0018,B0018
temp_range,-0.9383902604340619,0.9383902604340619,False,A_random_B0018_60_20_20,A,B0018,B0018
voltage_std,-0.9060594269736603,0.9060594269736603,False,A_random_B0018_60_20_20,A,B0018,B0018
voltage_end,-0.8906443598545137,0.8906443598545137,False,A_random_B0018_60_20_20,A,B0018,B0018
time_to_4p0v_s,-0.8469616710266883,0.8469616710266883,False,A_random_B0018_60_20_20,A,B0018,B0018
temp_at_75pct_time,-0.7596104703666291,0.7596104703666291,False,A_random_B0018_60_20_20,A,B0018,B0018
time_to_4p1v_s,-0.7401456957660929,0.7401456957660929,False,A_random_B0018_60_20_20,A,B0018,B0018
temp_max,-0.7023128857474352,0.7023128857474352,False,A_random_B0018_60_20_20,A,B0018,B0018
voltage_slope,-0.5910157719857182,0.5910157719857182,False,A_random_B0018_60_20_20,A,B0018,B0018
voltage_start,0.574795839263872,0.574795839263872,False,A_random_B0018_60_20_20,A,B0018,B0018
voltage_max,0.5679164970274961,0.5679164970274961,False,A_random_B0018_60_20_20,A,B0018,B0018
temp_at_25pct_time,0.5265880634213761,0.5265880634213761,False,A_random_B0018_60_20_20,A,B0018,B0018
early_temp_mean,0.51906768500958,0.51906768500958,False,A_random_B0018_60_20_20,A,B0018,B0018
temp_end,0.48736199685988363,0.48736199685988363,False,A_random_B0018_60_20_20,A,B0018,B0018
temp_min,0.45185832813733445,0.45185832813733445,False,A_random_B0018_60_20_20,A,B0018,B0018
temp_start,0.4498534568302082,0.4498534568302082,False,A_random_B0018_60_20_20,A,B0018,B0018
temp_rise,0.2998646854920448,0.2998646854920448,False,A_random_B0018_60_20_20,A,B0018,B0018
temp_mean,-0.2007469875059426,0.2007469875059426,False,A_random_B0018_60_20_20,A,B0018,B0018
voltage_min,0.11014315731697737,0.11014315731697737,False,A_random_B0018_60_20_20,A,B0018,B0018
temp_at_50pct_time,-0.10954158644551366,0.10954158644551366,False,A_random_B0018_60_20_20,A,B0018,B0018
ambient_temperature,0.0,0.0,False,A_random_B0018_60_20_20,A,B0018,B0018
time_to_3p5v_s,0.9898755531605852,0.9898755531605852,True,B_chrono_B0005_first60_last40,B,B0005,B0005
time_to_3p6v_s,0.9898325950036757,0.9898325950036757,True,B_chrono_B0005_first60_last40,B,B0005,B0005
early_voltage_slope,0.9840300774440867,0.9840300774440867,True,B_chrono_B0005_first60_last40,B,B0005,B0005
time_to_3p7v_s,0.9798067275807557,0.9798067275807557,True,B_chrono_B0005_first60_last40,B,B0005,B0005
voltage_end,-0.9527598884889463,0.9527598884889463,True,B_chrono_B0005_first60_last40,B,B0005,B0005
global_cycle_index,-0.9443938158760234,0.9443938158760234,True,B_chrono_B0005_first60_last40,B,B0005,B0005
cycle_index,-0.9294622661453037,0.9294622661453037,True,B_chrono_B0005_first60_last40,B,B0005,B0005
temp_range,-0.924373120676717,0.924373120676717,True,B_chrono_B0005_first60_last40,B,B0005,B0005
duration_s,0.9089739802014951,0.9089739802014951,False,B_chrono_B0005_first60_last40,B,B0005,B0005
voltage_at_50pct_time,0.8927212922098426,0.8927212922098426,False,B_chrono_B0005_first60_last40,B,B0005,B0005
voltage_at_75pct_time,0.8660164961116633,0.8660164961116633,False,B_chrono_B0005_first60_last40,B,B0005,B0005
time_to_3p8v_s,0.8654660170702156,0.8654660170702156,False,B_chrono_B0005_first60_last40,B,B0005,B0005
voltage_at_25pct_time,0.8495662826636826,0.8495662826636826,False,B_chrono_B0005_first60_last40,B,B0005,B0005
time_to_4p0v_s,0.8361345045455477,0.8361345045455477,False,B_chrono_B0005_first60_last40,B,B0005,B0005
voltage_mean,0.8104095705753185,0.8104095705753185,False,B_chrono_B0005_first60_last40,B,B0005,B0005
voltage_slope,-0.8033977694440444,0.8033977694440444,False,B_chrono_B0005_first60_last40,B,B0005,B0005
time_to_3p9v_s,0.7986245061322458,0.7986245061322458,False,B_chrono_B0005_first60_last40,B,B0005,B0005
early_voltage_mean,0.7770756893008897,0.7770756893008897,False,B_chrono_B0005_first60_last40,B,B0005,B0005
time_to_4p1v_s,0.6791239982756374,0.6791239982756374,False,B_chrono_B0005_first60_last40,B,B0005,B0005
temp_max,-0.6662344027759834,0.6662344027759834,False,B_chrono_B0005_first60_last40,B,B0005,B0005
voltage_max,-0.6478059611433733,0.6478059611433733,False,B_chrono_B0005_first60_last40,B,B0005,B0005
voltage_start,-0.6478059611433733,0.6478059611433733,False,B_chrono_B0005_first60_last40,B,B0005,B0005
voltage_min,-0.4893742352146427,0.4893742352146427,False,B_chrono_B0005_first60_last40,B,B0005,B0005
avg_power_w,0.41806990770223645,0.41806990770223645,False,B_chrono_B0005_first60_last40,B,B0005,B0005
temp_at_75pct_time,-0.3902451835494757,0.3902451835494757,False,B_chrono_B0005_first60_last40,B,B0005,B0005
temp_rise,-0.38432818520269757,0.38432818520269757,False,B_chrono_B0005_first60_last40,B,B0005,B0005
current_std,-0.3004791078715683,0.3004791078715683,False,B_chrono_B0005_first60_last40,B,B0005,B0005
current_abs_mean,0.28815919191164213,0.28815919191164213,False,B_chrono_B0005_first60_last40,B,B0005,B0005
current_mean,-0.2880354964745364,0.2880354964745364,False,B_chrono_B0005_first60_last40,B,B0005,B0005
temp_start,0.28696587711878196,0.28696587711878196,False,B_chrono_B0005_first60_last40,B,B0005,B0005
temp_min,0.28647719878514455,0.28647719878514455,False,B_chrono_B0005_first60_last40,B,B0005,B0005
voltage_std,0.28091980789131016,0.28091980789131016,False,B_chrono_B0005_first60_last40,B,B0005,B0005
temp_end,-0.252926195709684,0.252926195709684,False,B_chrono_B0005_first60_last40,B,B0005,B0005
temp_at_25pct_time,0.22285065622682668,0.22285065622682668,False,B_chrono_B0005_first60_last40,B,B0005,B0005
temp_mean,-0.20367494689198345,0.20367494689198345,False,B_chrono_B0005_first60_last40,B,B0005,B0005
early_temp_mean,0.1695605111808347,0.1695605111808347,False,B_chrono_B0005_first60_last40,B,B0005,B0005
temp_at_50pct_time,-0.018036354896620997,0.018036354896620997,False,B_chrono_B0005_first60_last40,B,B0005,B0005
ambient_temperature,0.0,0.0,False,B_chrono_B0005_first60_last40,B,B0005,B0005
time_to_3p5v_s,0.9959123762780927,0.9959123762780927,True,B_chrono_B0006_first60_last40,B,B0006,B0006
time_to_3p6v_s,0.9955423475977913,0.9955423475977913,True,B_chrono_B0006_first60_last40,B,B0006,B0006
time_to_3p7v_s,0.9915551223857153,0.9915551223857153,True,B_chrono_B0006_first60_last40,B,B0006,B0006
early_voltage_slope,0.9888290540279308,0.9888290540279308,True,B_chrono_B0006_first60_last40,B,B0006,B0006
voltage_mean,0.9837618248834882,0.9837618248834882,True,B_chrono_B0006_first60_last40,B,B0006,B0006
global_cycle_index,-0.9806350519706437,0.9806350519706437,True,B_chrono_B0006_first60_last40,B,B0006,B0006
current_std,-0.9786781251597589,0.9786781251597589,True,B_chrono_B0006_first60_last40,B,B0006,B0006
cycle_index,-0.9778681798712672,0.9778681798712672,True,B_chrono_B0006_first60_last40,B,B0006,B0006
duration_s,0.9759382900820429,0.9759382900820429,False,B_chrono_B0006_first60_last40,B,B0006,B0006
time_to_3p8v_s,0.9724746603741886,0.9724746603741886,False,B_chrono_B0006_first60_last40,B,B0006,B0006
avg_power_w,0.969364863172785,0.969364863172785,False,B_chrono_B0006_first60_last40,B,B0006,B0006
voltage_at_50pct_time,0.9690352747824693,0.9690352747824693,False,B_chrono_B0006_first60_last40,B,B0006,B0006
time_to_3p9v_s,0.9688687667375218,0.9688687667375218,False,B_chrono_B0006_first60_last40,B,B0006,B0006
current_mean,-0.9675444500405402,0.9675444500405402,False,B_chrono_B0006_first60_last40,B,B0006,B0006
current_abs_mean,0.967542420204915,0.967542420204915,False,B_chrono_B0006_first60_last40,B,B0006,B0006
voltage_at_25pct_time,0.9616208873663878,0.9616208873663878,False,B_chrono_B0006_first60_last40,B,B0006,B0006
voltage_at_75pct_time,0.9550204514152318,0.9550204514152318,False,B_chrono_B0006_first60_last40,B,B0006,B0006
early_voltage_mean,0.9549862918745706,0.9549862918745706,False,B_chrono_B0006_first60_last40,B,B0006,B0006
temp_rise,0.9471707372079464,0.9471707372079464,False,B_chrono_B0006_first60_last40,B,B0006,B0006
temp_end,0.9195756215425249,0.9195756215425249,False,B_chrono_B0006_first60_last40,B,B0006,B0006
voltage_end,-0.9146509113889953,0.9146509113889953,False,B_chrono_B0006_first60_last40,B,B0006,B0006
voltage_slope,-0.9011045666421901,0.9011045666421901,False,B_chrono_B0006_first60_last40,B,B0006,B0006
time_to_4p0v_s,0.8169583154686703,0.8169583154686703,False,B_chrono_B0006_first60_last40,B,B0006,B0006
time_to_4p1v_s,0.8082427995777169,0.8082427995777169,False,B_chrono_B0006_first60_last40,B,B0006,B0006
temp_range,-0.7520163851867352,0.7520163851867352,False,B_chrono_B0006_first60_last40,B,B0006,B0006
voltage_std,-0.7462953072019479,0.7462953072019479,False,B_chrono_B0006_first60_last40,B,B0006,B0006
temp_at_75pct_time,-0.7455931363087871,0.7455931363087871,False,B_chrono_B0006_first60_last40,B,B0006,B0006
temp_max,-0.5164964518995687,0.5164964518995687,False,B_chrono_B0006_first60_last40,B,B0006,B0006
temp_mean,-0.4620654941022895,0.4620654941022895,False,B_chrono_B0006_first60_last40,B,B0006,B0006
temp_at_50pct_time,-0.3746460604403476,0.3746460604403476,False,B_chrono_B0006_first60_last40,B,B0006,B0006
temp_min,0.3587251890326404,0.3587251890326404,False,B_chrono_B0006_first60_last40,B,B0006,B0006
temp_start,0.3578987745847159,0.3578987745847159,False,B_chrono_B0006_first60_last40,B,B0006,B0006
voltage_min,-0.3321504775137896,0.3321504775137896,False,B_chrono_B0006_first60_last40,B,B0006,B0006
voltage_max,-0.2919830577433841,0.2919830577433841,False,B_chrono_B0006_first60_last40,B,B0006,B0006
voltage_start,-0.2869422311269132,0.2869422311269132,False,B_chrono_B0006_first60_last40,B,B0006,B0006
temp_at_25pct_time,0.28067140649465816,0.28067140649465816,False,B_chrono_B0006_first60_last40,B,B0006,B0006
early_temp_mean,0.1465392493430202,0.1465392493430202,False,B_chrono_B0006_first60_last40,B,B0006,B0006
ambient_temperature,0.0,0.0,False,B_chrono_B0006_first60_last40,B,B0006,B0006
time_to_3p6v_s,0.9939648910442849,0.9939648910442849,True,B_chrono_B0007_first60_last40,B,B0007,B0007
time_to_3p7v_s,0.989879259062992,0.989879259062992,True,B_chrono_B0007_first60_last40,B,B0007,B0007
early_voltage_slope,0.9894738893144851,0.9894738893144851,True,B_chrono_B0007_first60_last40,B,B0007,B0007
time_to_3p5v_s,0.9866318120691184,0.9866318120691184,True,B_chrono_B0007_first60_last40,B,B0007,B0007
global_cycle_index,-0.9619516176850941,0.9619516176850941,True,B_chrono_B0007_first60_last40,B,B0007,B0007
cycle_index,-0.9478629466598241,0.9478629466598241,True,B_chrono_B0007_first60_last40,B,B0007,B0007
duration_s,0.9206090621657056,0.9206090621657056,True,B_chrono_B0007_first60_last40,B,B0007,B0007
time_to_3p8v_s,0.9077030699468004,0.9077030699468004,True,B_chrono_B0007_first60_last40,B,B0007,B0007
time_to_4p0v_s,0.9061240736664637,0.9061240736664637,False,B_chrono_B0007_first60_last40,B,B0007,B0007
voltage_at_25pct_time,0.8638925502196568,0.8638925502196568,False,B_chrono_B0007_first60_last40,B,B0007,B0007
voltage_at_50pct_time,0.8441916033493634,0.8441916033493634,False,B_chrono_B0007_first60_last40,B,B0007,B0007
time_to_3p9v_s,0.8376081504999181,0.8376081504999181,False,B_chrono_B0007_first60_last40,B,B0007,B0007
early_voltage_mean,0.800590919980831,0.800590919980831,False,B_chrono_B0007_first60_last40,B,B0007,B0007
voltage_at_75pct_time,0.7802315218414972,0.7802315218414972,False,B_chrono_B0007_first60_last40,B,B0007,B0007
time_to_4p1v_s,0.7171371141229755,0.7171371141229755,False,B_chrono_B0007_first60_last40,B,B0007,B0007
temp_range,-0.7161652085587955,0.7161652085587955,False,B_chrono_B0007_first60_last40,B,B0007,B0007
voltage_mean,0.6856119882836247,0.6856119882836247,False,B_chrono_B0007_first60_last40,B,B0007,B0007
voltage_start,-0.5601713695274574,0.5601713695274574,False,B_chrono_B0007_first60_last40,B,B0007,B0007
voltage_max,-0.5546686677388809,0.5546686677388809,False,B_chrono_B0007_first60_last40,B,B0007,B0007
temp_rise,-0.5437862307588064,0.5437862307588064,False,B_chrono_B0007_first60_last40,B,B0007,B0007
voltage_end,-0.48078254935215703,0.48078254935215703,False,B_chrono_B0007_first60_last40,B,B0007,B0007
voltage_min,-0.4761394484847998,0.4761394484847998,False,B_chrono_B0007_first60_last40,B,B0007,B0007
temp_end,-0.42662516643032966,0.42662516643032966,False,B_chrono_B0007_first60_last40,B,B0007,B0007
temp_max,-0.4198868633121647,0.4198868633121647,False,B_chrono_B0007_first60_last40,B,B0007,B0007
voltage_slope,-0.3856240266668898,0.3856240266668898,False,B_chrono_B0007_first60_last40,B,B0007,B0007
avg_power_w,0.253481356918038,0.253481356918038,False,B_chrono_B0007_first60_last40,B,B0007,B0007
temp_at_25pct_time,0.23426124616731203,0.23426124616731203,False,B_chrono_B0007_first60_last40,B,B0007,B0007
temp_start,0.21216015255690857,0.21216015255690857,False,B_chrono_B0007_first60_last40,B,B0007,B0007
temp_min,0.21016702065506693,0.21016702065506693,False,B_chrono_B0007_first60_last40,B,B0007,B0007
temp_at_75pct_time,-0.16973288566702444,0.16973288566702444,False,B_chrono_B0007_first60_last40,B,B0007,B0007
current_std,-0.16372429586798729,0.16372429586798729,False,B_chrono_B0007_first60_last40,B,B0007,B0007
voltage_std,0.15301680326475833,0.15301680326475833,False,B_chrono_B0007_first60_last40,B,B0007,B0007
early_temp_mean,0.12561069325258808,0.12561069325258808,False,B_chrono_B0007_first60_last40,B,B0007,B0007
temp_at_50pct_time,0.11828979510666349,0.11828979510666349,False,B_chrono_B0007_first60_last40,B,B0007,B0007
current_mean,-0.09785164055696664,0.09785164055696664,False,B_chrono_B0007_first60_last40,B,B0007,B0007
current_abs_mean,0.09784110833281139,0.09784110833281139,False,B_chrono_B0007_first60_last40,B,B0007,B0007
temp_mean,-0.06947797987187371,0.06947797987187371,False,B_chrono_B0007_first60_last40,B,B0007,B0007
ambient_temperature,0.0,0.0,False,B_chrono_B0007_first60_last40,B,B0007,B0007
duration_s,0.9844628214547892,0.9844628214547892,True,B_chrono_B0018_first60_last40,B,B0018,B0018
avg_power_w,0.9822328114731897,0.9822328114731897,True,B_chrono_B0018_first60_last40,B,B0018,B0018
time_to_3p5v_s,0.981757100512318,0.981757100512318,True,B_chrono_B0018_first60_last40,B,B0018,B0018
current_mean,-0.9780081137768423,0.9780081137768423,True,B_chrono_B0018_first60_last40,B,B0018,B0018
current_abs_mean,0.9779796560940394,0.9779796560940394,True,B_chrono_B0018_first60_last40,B,B0018,B0018
time_to_3p6v_s,0.977344103817285,0.977344103817285,True,B_chrono_B0018_first60_last40,B,B0018,B0018
current_std,-0.9714995876065077,0.9714995876065077,True,B_chrono_B0018_first60_last40,B,B0018,B0018
early_voltage_slope,0.9687279705742661,0.9687279705742661,True,B_chrono_B0018_first60_last40,B,B0018,B0018
voltage_at_50pct_time,0.9624641294934129,0.9624641294934129,False,B_chrono_B0018_first60_last40,B,B0018,B0018
voltage_at_75pct_time,0.9548696749410132,0.9548696749410132,False,B_chrono_B0018_first60_last40,B,B0018,B0018
time_to_3p7v_s,0.9502050927046026,0.9502050927046026,False,B_chrono_B0018_first60_last40,B,B0018,B0018
voltage_mean,0.9314691888323221,0.9314691888323221,False,B_chrono_B0018_first60_last40,B,B0018,B0018
cycle_index,-0.9253043134186553,0.9253043134186553,False,B_chrono_B0018_first60_last40,B,B0018,B0018
global_cycle_index,-0.9244767492741005,0.9244767492741005,False,B_chrono_B0018_first60_last40,B,B0018,B0018
voltage_at_25pct_time,0.9232815244625115,0.9232815244625115,False,B_chrono_B0018_first60_last40,B,B0018,B0018
voltage_end,-0.9207448737074587,0.9207448737074587,False,B_chrono_B0018_first60_last40,B,B0018,B0018
temp_rise,0.8825469478429523,0.8825469478429523,False,B_chrono_B0018_first60_last40,B,B0018,B0018
time_to_4p0v_s,-0.8704249079007533,0.8704249079007533,False,B_chrono_B0018_first60_last40,B,B0018,B0018
voltage_slope,-0.8654618631755867,0.8654618631755867,False,B_chrono_B0018_first60_last40,B,B0018,B0018
temp_end,0.8552466083267529,0.8552466083267529,False,B_chrono_B0018_first60_last40,B,B0018,B0018
time_to_4p1v_s,-0.8172843115425391,0.8172843115425391,False,B_chrono_B0018_first60_last40,B,B0018,B0018
time_to_3p8v_s,0.780421099197593,0.780421099197593,False,B_chrono_B0018_first60_last40,B,B0018,B0018
early_voltage_mean,0.7118096755250602,0.7118096755250602,False,B_chrono_B0018_first60_last40,B,B0018,B0018
time_to_3p9v_s,0.6420394887652754,0.6420394887652754,False,B_chrono_B0018_first60_last40,B,B0018,B0018
temp_at_25pct_time,0.6149893270268684,0.6149893270268684,False,B_chrono_B0018_first60_last40,B,B0018,B0018
voltage_std,-0.5777929289872437,0.5777929289872437,False,B_chrono_B0018_first60_last40,B,B0018,B0018
temp_range,-0.5719329851564013,0.5719329851564013,False,B_chrono_B0018_first60_last40,B,B0018,B0018
early_temp_mean,0.4935946399666076,0.4935946399666076,False,B_chrono_B0018_first60_last40,B,B0018,B0018
temp_min,0.4553691638958174,0.4553691638958174,False,B_chrono_B0018_first60_last40,B,B0018,B0018
temp_start,0.45327801979349164,0.45327801979349164,False,B_chrono_B0018_first60_last40,B,B0018,B0018
temp_at_50pct_time,0.4168261462073314,0.4168261462073314,False,B_chrono_B0018_first60_last40,B,B0018,B0018
voltage_start,0.3536763058814347,0.3536763058814347,False,B_chrono_B0018_first60_last40,B,B0018,B0018
temp_mean,0.34404485031562065,0.34404485031562065,False,B_chrono_B0018_first60_last40,B,B0018,B0018
voltage_max,0.3240925256085772,0.3240925256085772,False,B_chrono_B0018_first60_last40,B,B0018,B0018
temp_at_75pct_time,-0.11958447057292163,0.11958447057292163,False,B_chrono_B0018_first60_last40,B,B0018,B0018
temp_max,0.11010011005790987,0.11010011005790987,False,B_chrono_B0018_first60_last40,B,B0018,B0018
voltage_min,0.04371662751090486,0.04371662751090486,False,B_chrono_B0018_first60_last40,B,B0018,B0018
ambient_temperature,0.0,0.0,False,B_chrono_B0018_first60_last40,B,B0018,B0018
time_to_3p6v_s,0.9983093027725036,0.9983093027725036,True,C_transfer_B0007_to_B0005_target10,C,B0007,B0005
time_to_3p5v_s,0.9974095762416326,0.9974095762416326,True,C_transfer_B0007_to_B0005_target10,C,B0007,B0005
time_to_3p7v_s,0.9962646931982237,0.9962646931982237,True,C_transfer_B0007_to_B0005_target10,C,B0007,B0005
early_voltage_slope,0.9931374043178022,0.9931374043178022,True,C_transfer_B0007_to_B0005_target10,C,B0007,B0005
global_cycle_index,-0.9867754599445632,0.9867754599445632,True,C_transfer_B0007_to_B0005_target10,C,B0007,B0005
cycle_index,-0.9843134166961909,0.9843134166961909,True,C_transfer_B0007_to_B0005_target10,C,B0007,B0005
time_to_3p8v_s,0.9696918072449469,0.9696918072449469,True,C_transfer_B0007_to_B0005_target10,C,B0007,B0005
duration_s,0.9693699835226657,0.9693699835226657,True,C_transfer_B0007_to_B0005_target10,C,B0007,B0005
voltage_at_50pct_time,0.962961088819273,0.962961088819273,False,C_transfer_B0007_to_B0005_target10,C,B0007,B0005
voltage_at_25pct_time,0.95877469503873,0.95877469503873,False,C_transfer_B0007_to_B0005_target10,C,B0007,B0005
voltage_mean,0.9568010573203508,0.9568010573203508,False,C_transfer_B0007_to_B0005_target10,C,B0007,B0005
voltage_at_75pct_time,0.9506377347199675,0.9506377347199675,False,C_transfer_B0007_to_B0005_target10,C,B0007,B0005
time_to_3p9v_s,0.9487464171122783,0.9487464171122783,False,C_transfer_B0007_to_B0005_target10,C,B0007,B0005
time_to_4p0v_s,0.9451071505470054,0.9451071505470054,False,C_transfer_B0007_to_B0005_target10,C,B0007,B0005
early_voltage_mean,0.9329678886977102,0.9329678886977102,False,C_transfer_B0007_to_B0005_target10,C,B0007,B0005
temp_range,-0.8223193273838855,0.8223193273838855,False,C_transfer_B0007_to_B0005_target10,C,B0007,B0005
temp_max,-0.7701682111835653,0.7701682111835653,False,C_transfer_B0007_to_B0005_target10,C,B0007,B0005
temp_at_75pct_time,-0.7382785046073177,0.7382785046073177,False,C_transfer_B0007_to_B0005_target10,C,B0007,B0005
avg_power_w,0.735118517901795,0.735118517901795,False,C_transfer_B0007_to_B0005_target10,C,B0007,B0005
time_to_4p1v_s,0.7308098235006292,0.7308098235006292,False,C_transfer_B0007_to_B0005_target10,C,B0007,B0005
voltage_end,-0.6593230795030954,0.6593230795030954,False,C_transfer_B0007_to_B0005_target10,C,B0007,B0005
current_abs_mean,0.5735621265520217,0.5735621265520217,False,C_transfer_B0007_to_B0005_target10,C,B0007,B0005
current_mean,-0.5734868905832117,0.5734868905832117,False,C_transfer_B0007_to_B0005_target10,C,B0007,B0005
current_std,-0.556024235579309,0.556024235579309,False,C_transfer_B0007_to_B0005_target10,C,B0007,B0005
voltage_std,-0.5508246519386091,0.5508246519386091,False,C_transfer_B0007_to_B0005_target10,C,B0007,B0005
temp_mean,-0.5496890875120756,0.5496890875120756,False,C_transfer_B0007_to_B0005_target10,C,B0007,B0005
voltage_slope,-0.5324781370215962,0.5324781370215962,False,C_transfer_B0007_to_B0005_target10,C,B0007,B0005
temp_at_50pct_time,-0.3703945172161295,0.3703945172161295,False,C_transfer_B0007_to_B0005_target10,C,B0007,B0005
temp_rise,-0.2773492100499306,0.2773492100499306,False,C_transfer_B0007_to_B0005_target10,C,B0007,B0005
temp_end,-0.26158400704693957,0.26158400704693957,False,C_transfer_B0007_to_B0005_target10,C,B0007,B0005
voltage_start,-0.1733780524208896,0.1733780524208896,False,C_transfer_B0007_to_B0005_target10,C,B0007,B0005
voltage_max,-0.17176188136614237,0.17176188136614237,False,C_transfer_B0007_to_B0005_target10,C,B0007,B0005
temp_at_25pct_time,0.16150018838989297,0.16150018838989297,False,C_transfer_B0007_to_B0005_target10,C,B0007,B0005
early_temp_mean,0.11264171675393941,0.11264171675393941,False,C_transfer_B0007_to_B0005_target10,C,B0007,B0005
temp_start,0.10781815018388494,0.10781815018388494,False,C_transfer_B0007_to_B0005_target10,C,B0007,B0005
temp_min,0.10517328174163891,0.10517328174163891,False,C_transfer_B0007_to_B0005_target10,C,B0007,B0005
voltage_min,0.06637813701196049,0.06637813701196049,False,C_transfer_B0007_to_B0005_target10,C,B0007,B0005
ambient_temperature,0.0,0.0,False,C_transfer_B0007_to_B0005_target10,C,B0007,B0005
early_voltage_slope,0.9912743634162401,0.9912743634162401,True,C_transfer_B0007_to_B0006_target10,C,B0007,B0006
time_to_3p6v_s,0.9895741635284485,0.9895741635284485,True,C_transfer_B0007_to_B0006_target10,C,B0007,B0006
time_to_3p5v_s,0.9869323647820157,0.9869323647820157,True,C_transfer_B0007_to_B0006_target10,C,B0007,B0006
duration_s,0.9848106736149829,0.9848106736149829,True,C_transfer_B0007_to_B0006_target10,C,B0007,B0006
cycle_index,-0.9834677937206011,0.9834677937206011,True,C_transfer_B0007_to_B0006_target10,C,B0007,B0006
time_to_3p7v_s,0.982999559489876,0.982999559489876,True,C_transfer_B0007_to_B0006_target10,C,B0007,B0006
global_cycle_index,-0.9816145735254439,0.9816145735254439,True,C_transfer_B0007_to_B0006_target10,C,B0007,B0006
voltage_mean,0.9534831220094192,0.9534831220094192,True,C_transfer_B0007_to_B0006_target10,C,B0007,B0006
voltage_at_50pct_time,0.9476271024880512,0.9476271024880512,False,C_transfer_B0007_to_B0006_target10,C,B0007,B0006
voltage_at_75pct_time,0.9422431081160267,0.9422431081160267,False,C_transfer_B0007_to_B0006_target10,C,B0007,B0006
voltage_at_25pct_time,0.9374354298121264,0.9374354298121264,False,C_transfer_B0007_to_B0006_target10,C,B0007,B0006
time_to_3p8v_s,0.9370788287990344,0.9370788287990344,False,C_transfer_B0007_to_B0006_target10,C,B0007,B0006
time_to_4p0v_s,0.9355758683380765,0.9355758683380765,False,C_transfer_B0007_to_B0006_target10,C,B0007,B0006
avg_power_w,0.898902249501629,0.898902249501629,False,C_transfer_B0007_to_B0006_target10,C,B0007,B0006
temp_range,-0.8925191553869082,0.8925191553869082,False,C_transfer_B0007_to_B0006_target10,C,B0007,B0006
early_voltage_mean,0.8876530950551993,0.8876530950551993,False,C_transfer_B0007_to_B0006_target10,C,B0007,B0006
time_to_3p9v_s,0.8653266564001505,0.8653266564001505,False,C_transfer_B0007_to_B0006_target10,C,B0007,B0006
current_mean,-0.8491894787779226,0.8491894787779226,False,C_transfer_B0007_to_B0006_target10,C,B0007,B0006
current_abs_mean,0.8491763052417752,0.8491763052417752,False,C_transfer_B0007_to_B0006_target10,C,B0007,B0006
current_std,-0.8083987960686511,0.8083987960686511,False,C_transfer_B0007_to_B0006_target10,C,B0007,B0006
temp_max,-0.7941262804099593,0.7941262804099593,False,C_transfer_B0007_to_B0006_target10,C,B0007,B0006
voltage_end,-0.7769084772587278,0.7769084772587278,False,C_transfer_B0007_to_B0006_target10,C,B0007,B0006
temp_at_75pct_time,-0.7616699150688978,0.7616699150688978,False,C_transfer_B0007_to_B0006_target10,C,B0007,B0006
time_to_4p1v_s,0.7574478210297819,0.7574478210297819,False,C_transfer_B0007_to_B0006_target10,C,B0007,B0006
voltage_slope,-0.6771107405448477,0.6771107405448477,False,C_transfer_B0007_to_B0006_target10,C,B0007,B0006
voltage_std,-0.6349826425772842,0.6349826425772842,False,C_transfer_B0007_to_B0006_target10,C,B0007,B0006
temp_mean,-0.5650061378328767,0.5650061378328767,False,C_transfer_B0007_to_B0006_target10,C,B0007,B0006
temp_at_50pct_time,-0.39015254308990616,0.39015254308990616,False,C_transfer_B0007_to_B0006_target10,C,B0007,B0006
voltage_start,-0.3842818840588353,0.3842818840588353,False,C_transfer_B0007_to_B0006_target10,C,B0007,B0006
voltage_max,-0.3826609830596134,0.3826609830596134,False,C_transfer_B0007_to_B0006_target10,C,B0007,B0006
temp_rise,-0.17338878433176652,0.17338878433176652,False,C_transfer_B0007_to_B0006_target10,C,B0007,B0006
temp_start,0.16750287147585866,0.16750287147585866,False,C_transfer_B0007_to_B0006_target10,C,B0007,B0006
temp_min,0.16543491579544956,0.16543491579544956,False,C_transfer_B0007_to_B0006_target10,C,B0007,B0006
temp_at_25pct_time,0.12278076263446762,0.12278076263446762,False,C_transfer_B0007_to_B0006_target10,C,B0007,B0006
voltage_min,0.11004862709593623,0.11004862709593623,False,C_transfer_B0007_to_B0006_target10,C,B0007,B0006
early_temp_mean,0.10961976163534302,0.10961976163534302,False,C_transfer_B0007_to_B0006_target10,C,B0007,B0006
temp_end,-0.056191728224440345,0.056191728224440345,False,C_transfer_B0007_to_B0006_target10,C,B0007,B0006
ambient_temperature,0.0,0.0,False,C_transfer_B0007_to_B0006_target10,C,B0007,B0006
time_to_3p6v_s,0.9985702020727905,0.9985702020727905,True,C_transfer_B0005_to_B0007_target10,C,B0005,B0007
time_to_3p5v_s,0.9982210400684501,0.9982210400684501,True,C_transfer_B0005_to_B0007_target10,C,B0005,B0007
time_to_3p7v_s,0.9976803501364048,0.9976803501364048,True,C_transfer_B0005_to_B0007_target10,C,B0005,B0007
early_voltage_slope,0.9949857083142498,0.9949857083142498,True,C_transfer_B0005_to_B0007_target10,C,B0005,B0007
global_cycle_index,-0.9908651963081567,0.9908651963081567,True,C_transfer_B0005_to_B0007_target10,C,B0005,B0007
cycle_index,-0.9895870074913407,0.9895870074913407,True,C_transfer_B0005_to_B0007_target10,C,B0005,B0007
time_to_3p8v_s,0.9856035978661233,0.9856035978661233,True,C_transfer_B0005_to_B0007_target10,C,B0005,B0007
time_to_3p9v_s,0.978813210541624,0.978813210541624,True,C_transfer_B0005_to_B0007_target10,C,B0005,B0007
voltage_at_50pct_time,0.9766616337707307,0.9766616337707307,False,C_transfer_B0005_to_B0007_target10,C,B0005,B0007
voltage_at_25pct_time,0.9763535357159241,0.9763535357159241,False,C_transfer_B0005_to_B0007_target10,C,B0005,B0007
duration_s,0.9761193818530564,0.9761193818530564,False,C_transfer_B0005_to_B0007_target10,C,B0005,B0007
early_voltage_mean,0.9694918238177138,0.9694918238177138,False,C_transfer_B0005_to_B0007_target10,C,B0005,B0007
voltage_mean,0.9603995940003439,0.9603995940003439,False,C_transfer_B0005_to_B0007_target10,C,B0005,B0007
voltage_at_75pct_time,0.9602131998422833,0.9602131998422833,False,C_transfer_B0005_to_B0007_target10,C,B0005,B0007
avg_power_w,0.9418452991468632,0.9418452991468632,False,C_transfer_B0005_to_B0007_target10,C,B0005,B0007
current_abs_mean,0.9290461154862059,0.9290461154862059,False,C_transfer_B0005_to_B0007_target10,C,B0005,B0007
current_mean,-0.9290413297509567,0.9290413297509567,False,C_transfer_B0005_to_B0007_target10,C,B0005,B0007
temp_at_75pct_time,-0.9240918343864856,0.9240918343864856,False,C_transfer_B0005_to_B0007_target10,C,B0005,B0007
current_std,-0.9199511534434648,0.9199511534434648,False,C_transfer_B0005_to_B0007_target10,C,B0005,B0007
voltage_end,-0.9123101454601138,0.9123101454601138,False,C_transfer_B0005_to_B0007_target10,C,B0005,B0007
temp_range,-0.8691836606680027,0.8691836606680027,False,C_transfer_B0005_to_B0007_target10,C,B0005,B0007
time_to_4p0v_s,0.860752804860147,0.860752804860147,False,C_transfer_B0005_to_B0007_target10,C,B0005,B0007
voltage_slope,-0.8387017231743933,0.8387017231743933,False,C_transfer_B0005_to_B0007_target10,C,B0005,B0007
temp_max,-0.8319191189411035,0.8319191189411035,False,C_transfer_B0005_to_B0007_target10,C,B0005,B0007
temp_at_50pct_time,-0.7929838143961322,0.7929838143961322,False,C_transfer_B0005_to_B0007_target10,C,B0005,B0007
temp_mean,-0.7843828841213195,0.7843828841213195,False,C_transfer_B0005_to_B0007_target10,C,B0005,B0007
time_to_4p1v_s,0.737052127509872,0.737052127509872,False,C_transfer_B0005_to_B0007_target10,C,B0005,B0007
temp_end,0.6474313093547678,0.6474313093547678,False,C_transfer_B0005_to_B0007_target10,C,B0005,B0007
temp_rise,0.6341188316062092,0.6341188316062092,False,C_transfer_B0005_to_B0007_target10,C,B0005,B0007
voltage_min,-0.4895639885713639,0.4895639885713639,False,C_transfer_B0005_to_B0007_target10,C,B0005,B0007
voltage_std,0.27033938704877875,0.27033938704877875,False,C_transfer_B0005_to_B0007_target10,C,B0005,B0007
temp_at_25pct_time,-0.211331427832576,0.211331427832576,False,C_transfer_B0005_to_B0007_target10,C,B0005,B0007
early_temp_mean,-0.14571273065536072,0.14571273065536072,False,C_transfer_B0005_to_B0007_target10,C,B0005,B0007
voltage_start,-0.14162666971128132,0.14162666971128132,False,C_transfer_B0005_to_B0007_target10,C,B0005,B0007
voltage_max,-0.14070535952671254,0.14070535952671254,False,C_transfer_B0005_to_B0007_target10,C,B0005,B0007
temp_start,0.03130593892154209,0.03130593892154209,False,C_transfer_B0005_to_B0007_target10,C,B0005,B0007
temp_min,0.03129723100019099,0.03129723100019099,False,C_transfer_B0005_to_B0007_target10,C,B0005,B0007
ambient_temperature,0.0,0.0,False,C_transfer_B0005_to_B0007_target10,C,B0005,B0007
time_to_3p6v_s,0.9964690340947904,0.9964690340947904,True,C_transfer_B0005_to_B0018_target10,C,B0005,B0018
time_to_3p5v_s,0.9956086615878574,0.9956086615878574,True,C_transfer_B0005_to_B0018_target10,C,B0005,B0018
early_voltage_slope,0.9942149762852199,0.9942149762852199,True,C_transfer_B0005_to_B0018_target10,C,B0005,B0018
time_to_3p7v_s,0.9936624438555679,0.9936624438555679,True,C_transfer_B0005_to_B0018_target10,C,B0005,B0018
global_cycle_index,-0.9900780094952991,0.9900780094952991,True,C_transfer_B0005_to_B0018_target10,C,B0005,B0018
cycle_index,-0.98738950468094,0.98738950468094,True,C_transfer_B0005_to_B0018_target10,C,B0005,B0018
voltage_at_50pct_time,0.9779525141868446,0.9779525141868446,True,C_transfer_B0005_to_B0018_target10,C,B0005,B0018
duration_s,0.9764110499093489,0.9764110499093489,True,C_transfer_B0005_to_B0018_target10,C,B0005,B0018
temp_range,-0.9755635773388194,0.9755635773388194,False,C_transfer_B0005_to_B0018_target10,C,B0005,B0018
voltage_at_25pct_time,0.975498036056735,0.975498036056735,False,C_transfer_B0005_to_B0018_target10,C,B0005,B0018
voltage_mean,0.9720027810786921,0.9720027810786921,False,C_transfer_B0005_to_B0018_target10,C,B0005,B0018
time_to_3p8v_s,0.9711366003292263,0.9711366003292263,False,C_transfer_B0005_to_B0018_target10,C,B0005,B0018
voltage_at_75pct_time,0.9641875831274164,0.9641875831274164,False,C_transfer_B0005_to_B0018_target10,C,B0005,B0018
early_voltage_mean,0.9549607636132871,0.9549607636132871,False,C_transfer_B0005_to_B0018_target10,C,B0005,B0018
avg_power_w,0.9534437511491571,0.9534437511491571,False,C_transfer_B0005_to_B0018_target10,C,B0005,B0018
time_to_3p9v_s,0.9480596402909888,0.9480596402909888,False,C_transfer_B0005_to_B0018_target10,C,B0005,B0018
temp_at_75pct_time,-0.9427601842067603,0.9427601842067603,False,C_transfer_B0005_to_B0018_target10,C,B0005,B0018
current_abs_mean,0.9397377430404233,0.9397377430404233,False,C_transfer_B0005_to_B0018_target10,C,B0005,B0018
current_mean,-0.9397225179789973,0.9397225179789973,False,C_transfer_B0005_to_B0018_target10,C,B0005,B0018
temp_max,-0.9332932880840761,0.9332932880840761,False,C_transfer_B0005_to_B0018_target10,C,B0005,B0018
voltage_end,-0.9325427892051189,0.9325427892051189,False,C_transfer_B0005_to_B0018_target10,C,B0005,B0018
current_std,-0.9206098623368494,0.9206098623368494,False,C_transfer_B0005_to_B0018_target10,C,B0005,B0018
voltage_slope,-0.8547731338616029,0.8547731338616029,False,C_transfer_B0005_to_B0018_target10,C,B0005,B0018
temp_at_50pct_time,-0.840444883018338,0.840444883018338,False,C_transfer_B0005_to_B0018_target10,C,B0005,B0018
temp_mean,-0.8228852102422354,0.8228852102422354,False,C_transfer_B0005_to_B0018_target10,C,B0005,B0018
time_to_4p0v_s,0.7360534097485385,0.7360534097485385,False,C_transfer_B0005_to_B0018_target10,C,B0005,B0018
temp_end,0.615518441321172,0.615518441321172,False,C_transfer_B0005_to_B0018_target10,C,B0005,B0018
temp_rise,0.6070378015733198,0.6070378015733198,False,C_transfer_B0005_to_B0018_target10,C,B0005,B0018
time_to_4p1v_s,0.5988759675388148,0.5988759675388148,False,C_transfer_B0005_to_B0018_target10,C,B0005,B0018
voltage_min,-0.5348404560641923,0.5348404560641923,False,C_transfer_B0005_to_B0018_target10,C,B0005,B0018
temp_at_25pct_time,-0.34000016524382426,0.34000016524382426,False,C_transfer_B0005_to_B0018_target10,C,B0005,B0018
voltage_max,-0.30162573516230307,0.30162573516230307,False,C_transfer_B0005_to_B0018_target10,C,B0005,B0018
voltage_start,-0.29943264562350796,0.29943264562350796,False,C_transfer_B0005_to_B0018_target10,C,B0005,B0018
early_temp_mean,-0.22001399382260264,0.22001399382260264,False,C_transfer_B0005_to_B0018_target10,C,B0005,B0018
voltage_std,-0.153611134431761,0.153611134431761,False,C_transfer_B0005_to_B0018_target10,C,B0005,B0018
temp_start,-0.005495239102306257,0.005495239102306257,False,C_transfer_B0005_to_B0018_target10,C,B0005,B0018
temp_min,-0.005083728184106305,0.005083728184106305,False,C_transfer_B0005_to_B0018_target10,C,B0005,B0018
ambient_temperature,0.0,0.0,False,C_transfer_B0005_to_B0018_target10,C,B0005,B0018
